frame_no,timestamp,size_px-hotpink,position_px_x-hotpink,position_px_y-hotpink,rx-hotpink,ry-hotpink,vx-hotpink,vy-hotpink,ax-hotpink,ay-hotpink,size_px-lightorange,position_px_x-lightorange,position_px_y-lightorange,rx-lightorange,ry-lightorange,vx-lightorange,vy-lightorange,ax-lightorange,ay-lightorange
0,132.5,,,,,,,,,,40,494,467,,,,,,
1,132.5,,,,,,,,,,42,403,426,,,,,,
2,221.5,,,,,,,,,,19,316,680,,,,,,
5,273.0,7,581,611,,,,,,,,,,,,,,,
8,305.8,17,583,619,,,,,,,,,,,,,,,
9,317.5,16,585,618,,,,,,,,,,,,,,,
10,343.1,16,586,618,,,,,,,,,,,,,,,
11,375.1,16,585,618,,,,,,,,,,,,,,,
12,411.3,16,585,618,,,,,,,,,,,,,,,
13,443.3,17,585,618,,,,,,,,,,,,,,,
14,475.3,17,582,617,,,,,,,,,,,,,,,
15,511.5,17,581,616,,,,,,,,,,,,,,,
16,543.5,16,581,616,,,,,,,,,,,,,,,
17,578.9,17,579,617,,,,,,,,,,,,,,,
18,611.0,16,578,615,,,,,,,,,,,,,,,
19,643.2,17,576,615,,,,,,,,,,,,,,,
20,675.5,17,576,615,,,,,,,,,,,,,,,
21,710.9,17,576,616,,,,,,,,,,,,,,,
22,743.5,16,577,616,,,,,,,,,,,,,,,
23,776.1,16,578,614,,,,,,,,,,,,,,,
24,810.9,16,579,614,,,,,,,,,,,,,,,
25,845.0,17,581,614,,,,,,,,,,,,,,,
26,875.3,17,581,615,,,,,,,,,,,,,,,
27,911.0,17,583,616,,,,,,,,,,,,,,,
28,943.0,17,584,615,,,,,,,,,,,,,,,
29,975.1,17,585,615,,,,,,,,,,,,,,,
30,1011.0,17,585,614,,,,,,,,,,,,,,,
31,1043.2,17,584,614,,,,,,,,,,,,,,,
32,1076.8,17,584,615,,,,,,,,,,,,,,,
33,1111.3,17,582,616,,,,,,,,,,,,,,,
34,1143.1,18,580,616,,,,,,,,,,,,,,,
35,1175.1,17,579,617,,,,,,,,,,,,,,,
36,1211.7,17,579,617,,,,,,,,,,,,,,,
37,1243.0,18,577,618,,,,,,,,,,,,,,,
38,1275.0,18,576,617,,,,,,,,,,,,,,,
39,1312.9,17,577,617,,,,,,,,,,,,,,,
40,1342.9,18,576,619,,,,,,,,,,,,,,,
41,1375.2,17,578,619,,,,,,,,,,,,,,,
42,1411.2,17,580,619,,,,,,,,,,,,,,,
43,1443.5,17,580,619,,,,,,,,,,,,,,,
44,1475.4,16,582,619,,,,,,,,,,,,,,,
45,1511.0,16,583,619,,,,,,,,,,,,,,,
46,1543.2,17,584,619,,,,,,,,,,,,,,,
47,1575.5,16,585,619,,,,,,,,,,,,,,,
48,1611.5,16,585,618,,,,,,,,,,,,,,,
49,1643.4,16,585,619,,,,,,,,,,,,,,,
50,1675.0,16,585,618,,,,,,,,,,,,,,,
51,1710.8,16,583,617,,,,,,,,,,,,,,,
52,1742.9,17,582,618,,,,,,,,,,,,,,,
53,1775.2,16,580,617,,,,,,,,,,,,,,,
54,1810.8,16,579,616,,,,,,,,,,,,,,,
55,1842.9,16,578,617,,,,,,,,,,,,,,,
56,1877.5,16,577,616,,,,,,,,,,,,,,,
57,1911.0,16,577,617,,,,,,,,,,,,,,,
58,1943.1,16,577,615,,,,,,,,,,,,,,,
59,1975.3,16,577,615,,,,,,,,,,,,,,,
60,2011.0,16,578,615,,,,,,,,,,,,,,,
61,2043.2,16,580,614,,,,,,,,,,,,,,,
62,2075.2,16,581,613,,,,,,,,,,,,,,,
63,2111.0,16,582,613,,,,,,,,,,,,,,,
64,2143.4,15,583,612,,,,,,,,,,,,,,,
65,2175.3,14,584,610,,,,,,,,,,,,,,,
66,2210.9,16,585,613,,,,,,,,,,,,,,,
67,2243.9,15,584,611,,,,,,,,,,,,,,,
68,2275.1,15,585,611,,,,,,,,,,,,,,,
69,2311.3,14,583,611,,,,,,,,,,,,,,,
70,2344.5,15,581,611,,,,,,,,,,,,,,,
71,2375.8,14,581,611,,,,,,,,,,,,,,,
72,2411.4,14,579,612,,,,,,,,,,,,,,,
73,2443.0,14,578,612,,,,,,,,,,,,,,,
74,2477.5,14,576,612,,,,,,,,,,,,,,,
75,2511.1,15,576,613,,,,,,,,,,,,,,,
76,2543.2,13,578,612,,,,,,,,,,,,,,,
77,2577.5,15,577,615,,,,,,,,,,,,,,,
78,2611.3,14,578,613,,,,,,,,,,,,,,,
79,2643.4,14,578,614,,,,,,,,,,,,,,,
80,2675.4,13,580,614,,,,,,,,,,,,,,,
81,2711.0,14,583,613,,,,,,,,,,,,,,,
82,2743.1,14,584,613,,,,,,,,,,,,,,,
83,2775.2,14,583,616,,,,,,,,,,,,,,,
84,2811.1,12,584,614,,,,,,,,,,,,,,,
85,2842.9,11,585,612,,,,,,,,,,,,,,,
86,2876.3,13,584,614,,,,,,,,,,,,,,,
87,2911.0,14,583,615,,,,,,,,,,,,,,,
88,2945.1,11,584,611,,,,,,,,,,,,,,,
89,2975.2,13,582,614,,,,,,,,,,,,,,,
90,3010.9,14,580,615,,,,,,,,,,,,,,,
91,3043.4,13,579,613,,,,,,,,,,,,,,,
92,3075.2,13,578,614,,,,,,,,,,,,,,,
93,3111.4,12,578,613,,,,,,,,,,,,,,,
94,3143.4,13,577,613,,,,,,,,,,,,,,,
95,3175.4,13,577,612,,,,,,,,,,,,,,,
96,3211.0,13,577,612,,,,,,,,,,,,,,,
97,3244.5,13,578,613,,,,,,,,,,,,,,,
98,3275.1,12,579,611,,,,,,,,,,,,,,,
99,3311.0,12,581,612,,,,,,,,,,,,,,,
100,3343.7,12,583,610,,,,,,,,,,,,,,,
101,3375.4,13,583,610,,,,,,,,,,,,,,,
102,3410.9,13,584,610,,,,,,,,,,,,,,,
103,3444.9,13,585,609,,,,,,,,,,,,,,,
104,3479.2,14,585,611,,,,,,,,,,,,,,,
105,3511.4,13,585,608,,,,,,,,,,,,,,,
106,3543.2,12,584,610,,,,,,,,,,,,,,,
107,3576.1,13,584,609,,,,,,,,,,,,,,,
108,3611.6,15,580,612,,,,,,,,,,,,,,,
109,3643.3,11,580,607,,,,,,,,,,,,,,,
110,3675.2,13,578,610,,,,,,,,,,,,,,,
111,3711.0,13,578,611,,,,,,,,,,,,,,,
112,3743.5,13,577,609,,,,,,,,,,,,,,,
113,3775.1,13,577,611,,,,,,,,,,,,,,,
114,3811.2,13,577,611,,,,,,,,,,,,,,,
115,3843.1,13,577,611,,,,,,,,,,,,,,,
116,3875.5,13,577,612,,,,,,,,,,,,,,,
117,3911.3,13,581,612,,,,,,,,,,,,,,,
118,3943.7,13,581,611,,,,,,,,,,,,,,,
119,3975.2,13,583,612,,,,,,,,,,,,,,,
120,4011.0,12,584,611,,,,,,,,,,,,,,,
121,4042.9,11,584,611,,,,,,,,,,,,,,,
122,4075.3,12,585,612,,,,,,,,,,,,,,,
123,4111.8,12,585,612,,,,,,,,,,,,,,,
124,4143.9,11,583,612,,,,,,,,,,,,,,,
125,4175.4,12,584,612,,,,,,,,,,,,,,,
126,4211.1,13,582,614,,,,,,,,,,,,,,,
127,4243.1,13,581,614,,,,,,,,,,,,,,,
128,4275.2,13,579,614,,,,,,,,,,,,,,,
129,4310.9,13,578,613,,,,,,,,,,,,,,,
130,4344.2,12,578,613,,,,,,,,,,,,,,,
131,4375.5,11,577,612,,,,,,,,,,,,,,,
132,4412.2,12,576,614,,,,,,,,,,,,,,,
133,4443.4,13,578,612,,,,,,,,,,,,,,,
134,4475.2,12,578,613,,,,,,,,,,,,,,,
135,4511.2,13,580,612,,,,,,,,,,,,,,,
136,4543.3,12,580,612,,,,,,,,,,,,,,,
137,4575.2,12,582,611,,,,,,,,,,,,,,,
138,4611.4,12,582,611,,,,,,,,,,,,,,,
139,4645.4,9,585,609,,,,,,,,,,,,,,,
140,4678.1,12,585,610,,,,,,,,,,,,,,,
141,4711.2,10,585,608,,,,,,,,,,,,,,,
142,4745.3,11,584,609,,,,,,,,,,,,,,,
143,4775.0,13,584,611,,,,,,,,,,,,,,,
144,4813.4,10,584,607,,,,,,,,,,,,,,,
145,4843.9,12,581,610,,,,,,,,,,,,,,,
146,4874.9,12,580,609,,,,,,,,,,,,,,,
147,4910.9,13,578,610,,,,,,,,,,,,,,,
148,4945.4,12,577,609,,,,,,,,,,,,,,,
149,4975.5,12,578,608,,,,,,,,,,,,,,,
150,5011.1,12,577,609,,,,,,,,,,,,,,,
151,5043.3,10,577,608,,,,,,,,,,,,,,,
152,5075.2,12,578,608,,,,,,,,,,,,,,,
153,5110.9,12,579,609,,,,,,,,,,,,,,,
154,5145.4,9,582,608,,,,,,,,,,,,,,,
155,5175.1,7,582,606,,,,,,,,,,,,,,,
156,5210.8,7,585,606,,,,,,,,,,,,,,,
185,6175.0,7,576,606,,,,,,,,,,,,,,,
186,6211.4,7,577,606,,,,,,,,,,,,,,,
191,6375.3,6,585,607,,,,,,,,,,,,,,,
193,6443.4,6,584,605,,,,,,,,,,,,,,,
194,6475.3,6,583,606,,,,,,,,,,,,,,,
196,6543.5,6,584,606,,,,,,,,,,,,,,,
198,6611.0,5,587,607,,,,,,,,,,,,,,,
202,6743.7,5,585,609,,,,,,,,,,,,,,,
220,7345.9,7,593,602,,,,,,,,,,,,,,,
225,7511.1,6,618,599,,,,,,,,,,,,,,,
229,7643.1,5,655,595,,,,,,,,,,,,,,,
282,9411.2,5,566,590,,,,,,,,,,,,,,,
283,9443.2,12,528,594,,,,,,,,,,,,,,,
284,9475.3,10,501,592,,,,,,,,,,,,,,,
285,9516.2,13,481,596,,,,,,,,,,,,,,,
286,9543.0,14,472,596,,,,,,,,,,,,,,,
287,9575.3,13,477,597,,,,,,,,,,,,,,,
288,9615.9,14,493,599,,,,,,,,,,,,,,,
289,9644.2,14,519,600,,,,,,,,,,,,,,,
290,9675.3,13,552,600,,,,,,,,,,,,,,,
291,9711.1,14,588,602,,,,,,,,,,,,,,,
292,9743.4,13,623,602,,,,,,,,,,,,,,,
293,9775.1,14,654,605,,,,,,,,,,,,,,,
294,9811.5,12,676,602,,,,,,,,,,,,,,,
295,9842.9,13,686,604,,,,,,,,,,,,,,,
296,9875.5,12,683,604,,,,,,,,,,,,,,,
297,9911.4,14,672,606,,,,,,,,,,,,,,,
298,9944.0,14,649,606,,,,,,,,,,,,,,,
299,9975.0,15,617,609,,,,,,,,,,,,,,,
300,10011.3,15,582,608,,,,,,,,,,,,,,,
301,10045.5,16,547,609,,,,,,,,,,,,,,,
302,10075.5,17,515,608,,,,,,,,,,,,,,,
303,10110.9,16,492,609,,,,,,,,,,,,,,,
304,10143.3,18,477,607,,,,,,,,,,,,,,,
305,10175.3,18,475,607,,,,,,,,,,,,,,,
306,10211.2,18,485,605,,,,,,,,,,,,,,,
307,10243.4,18,506,604,,,,,,,,,,,,,,,
308,10275.4,18,535,604,,,,,,,,,,,,,,,
309,10310.8,17,570,601,,,,,,,,,,,,,,,
310,10343.4,17,605,599,,,,,,,,,,,,,,,
311,10374.9,17,638,597,,,,,,,,,,,,,,,
312,10411.3,16,665,594,,,,,,,,,,,,,,,
313,10443.3,16,681,593,,,,,,,,,,,,,,,
314,10475.4,18,686,593,,,,,,,,,,,,,,,
315,10511.2,17,679,590,,,,,,,,,,,,,,,
316,10543.3,16,662,588,,,,,,,,,,,,,,,
317,10577.5,17,633,589,,,,,,,,,,,,,,,
318,10611.2,18,601,588,,,,,,,,,,,,,,,
319,10643.4,17,565,586,,,,,,,,,,,,,,,
320,10675.4,18,530,586,,,,,,,,,,,,,,,
321,10711.2,18,501,584,,,,,,,,,,,,,,,
322,10743.6,18,482,584,,,,,,,,,,,,,,,
323,10775.0,18,473,582,,,,,,,,,,,,,,,
324,10810.8,19,476,582,,,,,,,,,,,,,,,
325,10843.4,18,491,581,,,,,,,,,,,,,,,
326,10875.1,18,517,582,,,,,,,,,,,,,,,
327,10912.0,17,549,581,,,,,,,,,,,,,,,
328,10943.7,18,586,581,,,,,,,,,,,,,,,
329,10975.3,18,621,582,,,,,,,,,,,,,,,
330,11011.0,18,651,580,,,,,,,,,,,,,,,
331,11045.5,18,674,582,,,,,,,,,,,,,,,
332,11075.3,18,685,584,,,,,,,,,,,,,,,
333,11111.1,17,685,584,,,,,,,,,,,,,,,
334,11143.2,17,673,587,,,,,,,,,,,,,,,
335,11175.3,18,649,588,,,,,,,,,,,,,,,
336,11210.9,18,618,590,,,,,,,,,,,,,,,
337,11243.0,18,583,593,,,,,,,,,,,,,,,
338,11275.6,18,548,593,,,,,,,,,,,,,,,
339,11313.0,18,516,595,,,,,,,,,,,,,,,
340,11343.6,18,493,596,,,,,,,,,,,,,,,
341,11375.4,18,479,597,,,,,,,,,,,,,,,
342,11412.3,18,476,598,,,,,,,,,,,,,,,
343,11449.5,18,487,600,,,,,,,,,,,,,,,
344,11479.2,18,507,600,,,,,,,,,,,,,,,
345,11510.9,17,535,601,,,,,,,,,,,,,,,
346,11543.3,16,570,602,,,,,,,,,,,,,,,
347,11574.9,17,604,600,,,,,,,,,,,,,,,
348,11611.3,16,636,603,,,,,,,,,,,,,,,
349,11643.0,16,662,602,,,,,,,,,,,,,,,
350,11675.0,16,679,600,,,,,,,,,,,,,,,
351,11710.9,17,684,600,,,,,,,,,,,,,,,
352,11742.8,17,677,599,,,,,,,,,,,,,,,
353,11775.1,16,661,598,,,,,,,,,,,,,,,
354,11813.5,17,634,597,,,,,,,,,,,,,,,
355,11844.2,17,601,593,,,,,,,,,,,,,,,
356,11875.6,17,566,593,,,,,,,,,,,,,,,
357,11911.0,18,532,592,,,,,,,,,,,,,,,
358,11946.8,18,504,590,,,,,,,,,,,,,,,
359,11975.6,18,484,588,,,,,,,,,,,,,,,
360,12011.7,19,474,585,,,,,,,,,,,,,,,
361,12043.5,19,477,584,,,,,,,,,,,,,,,
362,12075.3,18,492,583,,,,,,,,,,,,,,,
363,12111.0,18,516,579,,,,,,,,,,,,,,,
364,12143.6,18,548,579,,,,,,,,,,,,,,,
365,12175.1,18,584,577,,,,,,,,,,,,,,,
366,12211.1,18,619,577,,,,,,,,,,,,,,,
367,12243.2,18,650,577,,,,,,,,,,,,,,,
368,12275.2,18,673,576,,,,,,,,,,,,,,,
369,12316.0,18,685,576,,,,,,,,,,,,,,,
370,12343.3,17,684,577,,,,,,,,,,,,,,,
371,12375.0,18,671,578,,,,,,,,,,,,,,,
372,12411.0,18,649,583,,,,,,,,,,,,,,,
373,12443.5,18,618,582,,,,,,,,,,,,,,,
374,12475.2,19,584,588,,,,,,,,,,,,,,,
375,12510.8,18,548,590,,,,,,,,,,,,,,,
376,12543.1,18,516,593,,,,,,,,,,,,,,,
377,12575.3,19,492,595,,,,,,,,,,,,,,,
378,12611.3,18,479,598,,,,,,,,,,,,,,,
379,12643.4,18,476,599,,,,,,,,,,,,,,,
380,12675.1,17,488,603,,,,,,,,,,,,,,,
381,12711.0,17,507,605,,,,,,,,,,,,,,,
382,12743.2,17,535,607,,,,,,,,,,,,,,,
383,12775.3,17,569,609,,,,,,,,,,,,,,,
384,12811.1,17,603,610,,,,,,,,,,,,,,,
385,12843.8,17,634,610,,,,,,,,,,,,,,,
386,12875.2,17,660,611,,,,,,,,,,,,,,,
387,12911.4,16,677,612,,,,,,,,,,,,,,,
388,12943.3,16,683,610,,,,,,,,,,,,,,,
389,12975.4,16,676,610,,,,,,,,,,,,,,,
390,13011.1,16,659,609,,,,,,,,,,,,,,,
391,13043.1,16,633,607,,,,,,,,,,,,,,,
392,13075.3,16,602,605,,,,,,,,,,,,,,,
393,13111.3,17,567,603,,,,,,,,,,,,,,,
394,13143.4,16,535,602,,,,,,,,,,,,,,,
395,13175.3,17,506,596,,,,,,,,,,,,,,,
396,13211.0,17,485,594,,,,,,,,,,,,,,,
397,13243.2,19,476,592,,,,,,,,,,,,,,,
398,13275.3,19,478,589,,,,,,,,,,,,,,,
399,13312.4,19,492,587,,,,,,,,,,,,,,,
400,13343.3,18,516,584,,,,,,,,,,,,,,,
401,13375.2,17,549,582,,,,,,,,,,,,,,,
402,13411.1,18,583,579,,,,,,,,,,,,,,,
403,13443.0,18,618,577,,,,,,,,,,,,,,,
404,13475.2,18,649,576,,,,,,,,,,,,,,,
405,13511.7,17,672,574,,,,,,,,,,,,,,,
406,13543.7,17,684,573,,,,,,,,,,,,,,,
407,13575.3,17,684,573,,,,,,,,,,,,,,,
408,13611.0,17,672,576,,,,,,,,,,,,,,,
409,13646.9,18,648,576,,,,,,,,,,,,,,,
410,13675.3,18,617,581,,,,,,,,,,,,,,,
411,13711.3,18,582,583,,,,,,,,,,,,,,,
412,13749.5,18,548,585,,,,,,,,,,,,,,,
413,13775.1,18,516,588,,,,,,,,,,,,,,,
414,13817.4,18,493,591,,,,,,,,,,,,,,,
415,13847.0,18,479,596,,,,,,,,,,,,,,,
416,13877.6,19,477,600,,,,,,,,,,,,,,,
417,13911.3,18,487,602,,,,,,,,,,,,,,,
418,13943.1,18,507,605,,,,,,,,,,,,,,,
419,13975.0,16,537,607,,,,,,,,,,,,,,,
420,14011.2,16,570,610,,,,,,,,,,,,,,,
421,14043.4,16,603,612,,,,,,,,,,,,,,,
422,14075.2,16,635,615,,,,,,,,,,,,,,,
423,14111.9,16,659,613,,,,,,,,,,,,,,,
424,14143.2,15,675,614,,,,,,,,,,,,,,,
425,14175.0,15,681,614,,,,,,,,,,,,,,,
426,14211.0,15,675,614,,,,,,,,,,,,,,,
427,14243.3,16,658,614,,,,,,,,,,,,,,,
428,14275.3,16,632,614,,,,,,,,,,,,,,,
429,14311.0,16,600,609,,,,,,,,,,,,,,,
430,14346.6,16,566,609,,,,,,,,,,,,,,,
431,14375.3,18,534,607,,,,,,,,,,,,,,,
432,14411.2,18,506,604,,,,,,,,,,,,,,,
433,14443.3,18,488,602,,,,,,,,,,,,,,,
434,14475.3,18,478,599,,,,,,,,,,,,,,,
435,14511.6,18,480,595,,,,,,,,,,,,,,,
436,14543.3,18,494,593,,,,,,,,,,,,,,,
437,14575.0,17,518,588,,,,,,,,,,,,,,,
438,14611.1,18,549,587,,,,,,,,,,,,,,,
439,14643.7,17,583,581,,,,,,,,,,,,,,,
440,14675.0,17,618,580,,,,,,,,,,,,,,,
441,14711.0,17,648,576,,,,,,,,,,,,,,,
442,14743.9,17,671,575,,,,,,,,,,,,,,,
443,14775.4,17,682,575,,,,,,,,,,,,,,,
444,14810.9,16,682,572,,,,,,,,,,,,,,,
445,14843.8,17,668,573,,,,,,,,,,,,,,,
446,14877.6,18,647,578,,,,,,,,,,,,,,,
447,14911.1,16,618,578,,,,,,,,,,,,,,,
448,14943.1,18,582,581,,,,,,,,,,,,,,,
449,14975.2,18,547,583,,,,,,,,,,,,,,,
450,15011.0,18,515,586,,,,,,,,,,,,,,,
451,15043.2,18,493,591,,,,,,,,,,,,,,,
452,15075.0,18,479,593,,,,,,,,,,,,,,,
453,15111.2,19,477,595,,,,,,,,,,,,,,,
454,15143.5,18,487,597,,,,,,,,,,,,,,,
455,15175.1,18,507,601,,,,,,,,,,,,,,,
456,15213.5,16,536,604,,,,,,,,,,,,,,,
457,15244.4,17,569,607,,,,,,,,,,,,,,,
458,15275.1,17,603,609,,,,,,,,,,,,,,,
459,15310.9,16,635,608,,,,,,,,,,,,,,,
460,15345.9,16,660,612,,,,,,,,,,,,,,,
461,15378.0,15,676,614,,,,,,,,,,,,,,,
462,15413.4,16,682,613,,,,,,,,,,,,,,,
463,15443.0,15,675,614,,,,,,,,,,,,,,,
464,15474.8,14,658,614,,,,,,,,,,,,,,,
465,15510.9,14,633,613,,,,,,,,,,,,,,,
466,15543.2,15,601,612,,,,,,,,,,,,,,,
467,15575.3,17,566,611,,,,,,,,,,,,,,,
468,15611.0,16,535,610,,,,,,,,,,,,,,,
469,15643.1,17,506,606,,,,,,,,,,,,,,,
470,15675.2,18,488,606,,,,,,,,,,,,,,,
471,15710.9,17,479,603,,,,,,,,,,,,,,,
472,15743.2,18,481,600,,,,,,,,,,,,,,,
473,15775.3,17,496,598,,,,,,,,,,,,,,,
474,15810.9,17,519,595,,,,,,,,,,,,,,,
475,15843.6,18,550,593,,,,,,,,,,,,,,,
476,15875.3,17,585,591,,,,,,,,,,,,,,,
477,15911.0,17,618,587,,,,,,,,,,,,,,,
478,15943.5,18,649,586,,,,,,,,,,,,,,,
479,15975.5,17,671,584,,,,,,,,,,,,,,,
480,16011.5,16,683,581,,,,,,,,,,,,,,,
481,16043.3,17,682,580,,,,,,,,,,,,,,,
482,16075.0,16,671,580,,,,,,,,,,,,,,,
483,16111.0,17,646,581,,,,,,,,,,,,,,,
484,16143.2,15,618,581,,,,,,,,,,,,,,,
485,16175.3,14,584,580,,,,,,,,,,,,,,,
486,16211.0,16,546,583,,,,,,,,,,,,,,,
487,16247.2,17,516,585,,,,,,,,,,,,,,,
488,16275.2,18,491,587,,,,,,,,,,,,,,,
489,16311.1,18,477,590,,,,,,,,,,,,,,,
490,16343.3,18,476,592,,,,,,,,,,,,,,,
491,16375.1,15,487,592,,,,,,,,,,,,,,,
492,16413.8,16,506,594,,,,,,,,,,,,,,,
493,16445.6,15,533,596,,,,,,,,,,,,,,,
494,16475.4,14,569,599,,,,,,,,,,,,,,,
495,16512.2,13,606,598,,,,,,,,,,,,,,,
496,16548.8,15,634,602,,,,,,,,,,,,,,,
497,16575.3,15,662,603,,,,,,,,,,,,,,,
498,16611.5,15,677,605,,,,,,,,,,,,,,,
499,16643.4,15,683,605,,,,,,,,,,,,,,,
500,16676.0,15,676,606,,,,,,,,,,,,,,,
501,16711.0,14,659,607,,,,,,,,,,,,,,,
502,16743.1,15,633,609,,,,,,,,,,,,,,,
503,16775.3,16,601,610,,,,,,,,,,,,,,,
504,16811.2,14,569,606,,,,,,,,,,,,,,,
505,16843.1,17,533,607,,,,,,,,,,,,,,,
506,16875.2,15,508,606,,,,,,,,,,,,,,,
507,16911.0,18,487,606,,,,,,,,,,,,,,,
508,16943.2,17,479,604,,,,,,,,,,,,,,,
509,16975.5,17,481,605,,,,,,,,,,,,,,,
510,17011.2,18,496,602,,,,,,,,,,,,,,,
511,17043.3,17,519,601,,,,,,,,,,,,,,,
512,17075.5,16,550,598,,,,,,,,,,,,,,,
513,17110.9,17,585,599,,,,,,,,,,,,,,,
514,17143.4,16,618,596,,,,,,,,,,,,,,,
515,17175.3,15,648,593,,,,,,,,,,,,,,,
516,17211.0,15,671,592,,,,,,,,,,,,,,,
517,17243.1,17,682,591,,,,,,,,,,,,,,,
518,17275.1,16,683,590,,,,,,,,,,,,,,,
519,17310.9,18,670,590,,,,,,,,,,,,,,,
520,17353.4,17,648,590,,,,,,,,,,,,,,,
521,17376.5,17,618,589,,,,,,,,,,,,,,,
522,17411.2,17,584,590,,,,,,,,,,,,,,,
523,17443.0,17,548,588,,,,,,,,,,,,,,,
524,17475.2,18,517,590,,,,,,,,,,,,,,,
525,17511.3,18,494,592,,,,,,,,,,,,,,,
526,17543.1,18,480,593,,,,,,,,,,,,,,,
527,17575.2,18,476,593,,,,,,,,,,,,,,,
528,17611.3,18,484,593,,,,,,,,,,,,,,,
529,17643.2,17,503,593,,,,,,,,,,,,,,,
530,17675.4,17,532,595,,,,,,,,,,,,,,,
531,17711.7,17,565,595,,,,,,,,,,,,,,,
532,17744.1,16,601,596,,,,,,,,,,,,,,,
533,17775.0,15,635,597,,,,,,,,,,,,,,,
534,17811.0,16,661,595,,,,,,,,,,,,,,,
535,17843.1,15,678,597,,,,,,,,,,,,,,,
536,17875.2,14,683,597,,,,,,,,,,,,,,,
537,17913.2,15,679,600,,,,,,,,,,,,,,,
538,17943.8,14,661,600,,,,,,,,,,,,,,,
539,17975.2,14,635,602,,,,,,,,,,,,,,,
540,18011.5,16,602,604,,,,,,,,,,,,,,,
541,18043.5,14,569,605,,,,,,,,,,,,,,,
542,18075.6,16,535,604,,,,,,,,,,,,,,,
543,18112.2,15,509,605,,,,,,,,,,,,,,,
544,18143.5,16,490,606,,,,,,,,,,,,,,,
545,18176.0,17,480,607,,,,,,,,,,,,,,,
546,18211.3,16,483,607,,,,,,,,,,,,,,,
547,18248.4,15,497,606,,,,,,,,,,,,,,,
548,18275.6,17,518,604,,,,,,,,,,,,,,,
549,18311.2,16,549,605,,,,,,,,,,,,,,,
550,18343.3,16,583,604,,,,,,,,,,,,,,,
551,18377.0,16,617,604,,,,,,,,,,,,,,,
552,18411.2,16,646,603,,,,,,,,,,,,,,,
553,18443.0,15,669,601,,,,,,,,,,,,,,,
554,18475.7,16,681,601,,,,,,,,,,,,,,,
555,18511.2,14,681,598,,,,,,,,,,,,,,,
556,18543.3,16,671,598,,,,,,,,,,,,,,,
557,18575.2,17,649,599,,,,,,,,,,,,,,,
558,18611.3,14,622,595,,,,,,,,,,,,,,,
559,18644.1,16,586,596,,,,,,,,,,,,,,,
560,18675.7,17,550,594,,,,,,,,,,,,,,,
561,18711.0,15,520,593,,,,,,,,,,,,,,,
562,18743.0,18,495,595,,,,,,,,,,,,,,,
563,18775.4,16,481,592,,,,,,,,,,,,,,,
564,18811.3,16,478,592,,,,,,,,,,,,,,,
565,18846.7,18,484,593,,,,,,,,,,,,,,,
566,18875.3,14,505,590,,,,,,,,,,,,,,,
567,18911.6,16,530,591,,,,,,,,,,,,,,,
568,18943.8,14,565,589,,,,,,,,,,,,,,,
569,18975.2,15,598,590,,,,,,,,,,,,,,,
570,19011.2,14,633,590,,,,,,,,,,,,,,,
571,19043.4,15,659,589,,,,,,,,,,,,,,,
572,19075.1,12,678,585,,,,,,,,,,,,,,,
573,19111.3,14,682,589,,,,,,,,,,,,,,,
574,19143.5,10,676,586,,,,,,,,,,,,,,,
575,19175.3,12,662,590,,,,,,,,,,,,,,,
576,19211.4,12,637,593,,,,,,,,,,,,,,,
577,19242.9,13,605,595,,,,,,,,,,,,,,,
578,19275.3,16,569,599,,,,,,,,,,,,,,,
579,19311.3,16,535,601,,,,,,,,,,,,,,,
580,19343.0,15,510,602,,,,,,,,,,,,,,,
581,19375.1,17,489,605,,,,,,,,,,,,,,,
582,19411.1,17,480,606,,,,,,,,,,,,,,,
583,19443.4,17,483,606,,,,,,,,,,,,,,,
584,19475.2,17,496,609,,,,,,,,,,,,,,,
585,19511.1,16,520,609,,,,,,,,,,,,,,,
586,19543.4,16,550,610,,,,,,,,,,,,,,,
587,19575.2,16,583,611,,,,,,,,,,,,,,,
588,19611.2,16,616,608,,,,,,,,,,,,,,,
589,19642.9,14,645,610,,,,,,,,,,,,,,,
590,19675.4,16,667,610,,,,,,,,,,,,,,,
591,19711.0,15,679,608,,,,,,,,,,,,,,,
592,19743.4,14,679,607,,,,,,,,,,,,,,,
593,19775.8,17,668,607,,,,,,,,,,,,,,,
594,19811.0,15,649,607,,,,,,,,,,,,,,,
595,19843.1,16,620,606,,,,,,,,,,,,,,,
596,19875.7,16,587,605,,,,,,,,,,,,,,,
597,19911.2,17,554,604,,,,,,,,,,,,,,,
598,19945.5,18,522,602,,,,,,,,,,,,,,,
599,19980.3,18,497,601,,,,,,,,,,,,,,,
600,20011.0,18,482,598,,,,,,,,,,,,,,,
601,20043.3,19,477,597,,,,,,,,,,,,,,,
602,20075.2,18,485,596,,,,,,,,,,,,,,,
603,20111.5,18,503,593,,,,,,,,,,,,,,,
604,20143.3,18,530,591,,,,,,,,,,,,,,,
605,20174.9,18,562,590,,,,,,,,,,,,,,,
606,20213.7,17,598,589,,,,,,,,,,,,,,,
607,20243.2,17,630,586,,,,,,,,,,,,,,,
608,20277.5,16,658,586,,,,,,,,,,,,,,,
609,20311.4,17,676,586,,,,,,,,,,,,,,,
610,20343.7,16,683,586,,,,,,,,,,,,,,,
611,20375.3,17,677,588,,,,,,,,,,,,,,,
612,20411.1,16,662,588,,,,,,,,,,,,,,,
613,20444.0,17,635,591,,,,,,,,,,,,,,,
614,20475.2,17,603,592,,,,,,,,,,,,,,,
615,20511.3,16,569,595,,,,,,,,,,,,,,,
616,20543.8,17,537,598,,,,,,,,,,,,,,,
617,20576.1,17,509,599,,,,,,,,,,,,,,,
618,20610.9,16,491,601,,,,,,,,,,,,,,,
619,20643.7,17,480,602,,,,,,,,,,,,,,,
620,20675.3,17,483,605,,,,,,,,,,,,,,,
621,20711.3,13,498,606,,,,,,,,,,,,,,,
622,20743.1,14,519,606,,,,,,,,,,,,,,,
623,20777.0,11,550,605,,,,,,,,,,,,,,,
624,20810.8,9,584,606,,,,,,,,,,,,,,,
625,20843.2,7,612,606,,,,,,,,,,,,,,,
626,20875.1,7,649,608,,,,,,,,,,,,,,,
628,20943.0,10,676,608,,,,,,,,,,,,,,,
631,21043.3,6,646,604,,,,,,,,,,,,,,,
632,21077.6,10,619,605,,,,,,,,,,,,,,,
633,21110.9,9,588,603,,,,,,,,,,,,,,,
634,21143.3,9,555,602,,,,,,,,,,,,,,,
635,21175.5,9,524,598,,,,,,,,,,,,,,,
636,21211.5,10,499,596,,,,,,,,,,,,,,,
637,21245.4,15,484,598,,,,,,,,,,,,,,,
638,21277.8,15,480,596,,,,,,,,,,,,,,,
639,21311.6,14,488,593,,,,,,,,,,,,,,,
640,21343.7,14,504,591,,,,,,,,,,,,,,,
641,21375.6,12,532,587,,,,,,,,,,,,,,,
642,21411.7,15,563,586,,,,,,,,,,,,,,,
643,21443.1,15,596,584,,,,,,,,,,,,,,,
644,21475.2,14,629,584,,,,,,,,,,,,,,,
645,21511.2,15,656,582,,,,,,,,,,,,,,,
646,21543.5,12,674,578,,,,,,,,,,,,,,,
647,21575.5,14,683,579,,,,,,,,,,,,,,,
648,21610.9,12,675,578,,,,,,,,,,,,,,,
649,21643.4,12,659,581,,,,,,,,,,,,,,,
650,21675.3,13,636,582,,,,,,,,,,,,,,,
651,21711.4,12,605,586,,,,,,,,,,,,,,,
652,21743.8,11,571,585,,,,,,,,,,,,,,,
653,21775.3,12,537,589,,,,,,,,,,,,,,,
654,21811.7,13,511,592,,,,,,,,,,,,,,,
655,21843.0,13,494,593,,,,,,,,,,,,,,,
656,21875.5,12,483,594,,,,,,,,,,,,,,,
657,21911.6,12,486,597,,,,,,,,,,,,,,,
658,21943.2,11,498,600,,,,,,,,,,,,,,,
659,21975.4,9,524,602,,,,,,,,,,,,,,,
660,22011.5,11,551,607,,,,,,,,,,,,,,,
661,22043.1,11,585,606,,,,,,,,,,,,,,,
662,22075.5,13,615,611,,,,,,,,,,,,,,,
663,22111.3,12,644,612,,,,,,,,,,,,,,,
664,22143.4,15,666,615,,,,,,,,,,,,,,,
665,22175.0,15,677,615,,,,,,,,,,,,,,,
666,22211.3,13,675,612,,,,,,,,,,,,,,,
667,22243.5,14,666,613,,,,,,,,,,,,,,,
668,22280.7,14,648,614,,,,,,,,,,,,,,,
669,22311.0,13,620,612,,,,,,,,,,,,,,,
670,22343.3,14,588,612,,,,,,,,,,,,,,,
671,22375.2,16,554,610,,,,,,,,,,,,,,,
672,22411.4,16,524,610,,,,,,,,,,,,,,,
673,22445.4,15,502,607,,,,,,,,,,,,,,,
674,22475.4,17,485,605,,,,,,,,,,,,,,,
675,22511.0,16,483,603,,,,,,,,,,,,,,,
676,22543.2,17,489,600,,,,,,,,,,,,,,,
677,22575.3,17,506,599,,,,,,,,,,,,,,,
678,22611.2,17,531,596,,,,,,,,,,,,,,,
679,22649.4,16,564,593,,,,,,,,,,,,,,,
680,22676.5,16,597,592,,,,,,,,,,,,,,,
681,22711.9,15,630,587,,,,,,,,,,,,,,,
682,22743.7,15,658,586,,,,,,,,,,,,,,,
683,22775.5,16,674,586,,,,,,,,,,,,,,,
684,22811.4,16,681,585,,,,,,,,,,,,,,,
685,22844.5,16,676,585,,,,,,,,,,,,,,,
686,22877.5,15,660,585,,,,,,,,,,,,,,,
687,22911.2,16,633,585,,,,,,,,,,,,,,,
688,22943.1,16,602,587,,,,,,,,,,,,,,,
689,22975.2,15,569,590,,,,,,,,,,,,,,,
690,23010.9,17,536,592,,,,,,,,,,,,,,,
691,23043.2,14,510,593,,,,,,,,,,,,,,,
692,23080.6,15,490,596,,,,,,,,,,,,,,,
693,23111.4,14,482,596,,,,,,,,,,,,,,,
694,23149.4,14,484,599,,,,,,,,,,,,,,,
695,23189.2,12,497,598,,,,,,,,,,,,,,,
696,23211.4,11,523,601,,,,,,,,,,,,,,,
697,23243.6,12,551,603,,,,,,,,,,,,,,,
698,23275.7,8,583,601,,,,,,,,,,,,,,,
706,23543.5,5,614,606,,,,,,,,,,,,,,,
708,23610.9,7,554,604,,,,,,,,,,,,,,,
709,23645.4,5,522,603,,,,,,,,,,,,,,,
710,23675.0,5,506,601,,,,,,,,,,,,,,,
711,23711.2,7,490,599,,,,,,,,,,,,,,,
712,23743.9,12,483,601,,,,,,,,,,,,,,,
713,23775.0,12,489,599,,,,,,,,,,,,,,,
714,23811.4,10,508,596,,,,,,,,,,,,,,,
715,23843.4,11,533,594,,,,,,,,,,,,,,,
716,23875.2,11,567,593,,,,,,,,,,,,,,,
717,23911.1,11,599,591,,,,,,,,,,,,,,,
718,23943.0,11,629,589,,,,,,,,,,,,,,,
719,23975.0,11,654,588,,,,,,,,,,,,,,,
720,24011.2,11,674,585,,,,,,,,,,,,,,,
721,24043.3,10,681,584,,,,,,,,,,,,,,,
722,24075.1,8,681,583,,,,,,,,,,,,,,,
723,24111.2,10,659,584,,,,,,,,,,,,,,,
724,24144.0,10,636,585,,,,,,,,,,,,,,,
725,24175.4,11,605,585,,,,,,,,,,,,,,,
726,24211.0,8,570,585,,,,,,,,,,,,,,,
727,24243.2,10,540,587,,,,,,,,,,,,,,,
728,24277.5,13,510,591,,,,,,,,,,,,,,,
729,24311.9,11,490,590,,,,,,,,,,,,,,,
730,24343.7,14,481,594,,,,,,,,,,,,,,,
731,24375.2,12,484,593,,,,,,,,,,,,,,,
732,24411.0,16,494,597,,,,,,,,,,,,,,,
733,24443.2,13,518,599,,,,,,,,,,,,,,,
734,24475.6,13,548,601,,,,,,,,,,,,,,,
735,24511.2,15,582,602,,,,,,,,,,,,,,,
736,24543.2,14,615,604,,,,,,,,,,,,,,,
737,24575.2,14,643,606,,,,,,,,,,,,,,,
738,24611.0,15,665,607,,,,,,,,,,,,,,,
739,24643.3,13,676,605,,,,,,,,,,,,,,,
740,24675.1,14,679,608,,,,,,,,,,,,,,,
741,24711.1,14,669,608,,,,,,,,,,,,,,,
742,24743.0,14,648,610,,,,,,,,,,,,,,,
743,24775.3,14,621,609,,,,,,,,,,,,,,,
744,24810.9,14,590,611,,,,,,,,,,,,,,,
745,24843.2,14,556,610,,,,,,,,,,,,,,,
746,24877.1,14,528,610,,,,,,,,,,,,,,,
747,24910.8,16,502,610,,,,,,,,,,,,,,,
748,24946.0,16,486,608,,,,,,,,,,,,,,,
749,24975.4,16,483,609,,,,,,,,,,,,,,,
750,25011.5,17,489,608,,,,,,,,,,,,,,,
751,25043.3,17,507,608,,,,,,,,,,,,,,,
752,25075.9,15,534,605,,,,,,,,,,,,,,,
753,25111.4,15,564,604,,,,,,,,,,,,,,,
754,25143.5,15,598,603,,,,,,,,,,,,,,,
755,25175.0,13,630,601,,,,,,,,,,,,,,,
756,25211.3,15,656,600,,,,,,,,,,,,,,,
757,25243.4,12,672,595,,,,,,,,,,,,,,,
758,25275.3,14,680,595,,,,,,,,,,,,,,,
759,25311.4,12,674,593,,,,,,,,,,,,,,,
760,25343.7,13,661,594,,,,,,,,,,,,,,,
761,25375.3,15,635,594,,,,,,,,,,,,,,,
762,25410.9,13,606,594,,,,,,,,,,,,,,,
763,25443.4,14,572,595,,,,,,,,,,,,,,,
764,25476.2,14,538,595,,,,,,,,,,,,,,,
765,25511.6,16,509,595,,,,,,,,,,,,,,,
766,25543.2,15,491,596,,,,,,,,,,,,,,,
767,25575.1,13,483,593,,,,,,,,,,,,,,,
768,25611.0,13,482,593,,,,,,,,,,,,,,,
769,25643.1,12,497,593,,,,,,,,,,,,,,,
770,25675.0,13,516,594,,,,,,,,,,,,,,,
771,25712.2,9,547,592,,,,,,,,,,,,,,,
772,25744.6,10,581,595,,,,,,,,,,,,,,,
773,25777.4,11,614,595,,,,,,,,,,,,,,,
774,25811.2,8,642,594,,,,,,,,,,,,,,,
775,25843.0,9,665,596,,,,,,,,,,,,,,,
780,26011.1,6,620,598,,,,,,,,,,,,,,,
781,26043.2,10,591,601,,,,,,,,,,,,,,,
782,26075.1,9,555,601,,,,,,,,,,,,,,,
783,26111.8,8,527,601,,,,,,,,,,,,,,,
784,26143.3,11,503,603,,,,,,,,,,,,,,,
785,26175.1,13,488,605,,,,,,,,,,,,,,,
786,26210.9,12,485,604,,,,,,,,,,,,,,,
787,26243.4,14,491,607,,,,,,,,,,,,,,,
788,26275.6,12,509,605,,,,,,,,,,,,,,,
789,26311.0,12,534,605,,,,,,,,,,,,,,,
790,26344.8,12,564,604,,,,,,,,,,,,,,,
791,26375.5,12,597,605,,,,,,,,,,,,,,,
792,26411.0,12,629,604,,,,,,,,,,,,,,,
793,26446.3,12,655,603,,,,,,,,,,,,,,,
794,26475.3,10,670,601,,,,,,,,,,,,,,,
795,26511.2,11,679,601,,,,,,,,,,,,,,,
796,26543.2,5,678,599,,,,,,,,,,,,,,,
797,26577.1,10,661,598,,,,,,,,,,,,,,,
798,26611.9,10,638,598,,,,,,,,,,,,,,,
799,26642.9,9,608,596,,,,,,,,,,,,,,,
800,26675.0,11,575,596,,,,,,,,,,,,,,,
801,26711.8,13,541,598,,,,,,,,,,,,,,,
802,26743.2,12,513,595,,,,,,,,,,,,,,,
803,26775.2,12,493,595,,,,,,,,,,,,,,,
804,26811.4,13,482,595,,,,,,,,,,,,,,,
805,26843.0,12,485,593,,,,,,,,,,,,,,,
806,26875.2,11,496,593,,,,,,,,,,,,,,,
807,26911.1,12,517,591,,,,,,,,,,,,,,,
808,26943.2,9,546,590,,,,,,,,,,,,,,,
809,26976.3,9,578,592,,,,,,,,,,,,,,,
810,27011.3,11,612,591,,,,,,,,,,,,,,,
811,27043.3,10,642,589,,,,,,,,,,,,,,,
812,27075.6,10,666,590,,,,,,,,,,,,,,,
816,27211.0,11,650,594,,,,,,,,,,,,,,,
817,27243.5,7,623,593,,,,,,,,,,,,,,,
818,27275.2,11,592,599,,,,,,,,,,,,,,,
819,27311.2,12,558,601,,,,,,,,,,,,,,,
820,27343.1,13,528,602,,,,,,,,,,,,,,,
821,27375.0,15,502,604,,,,,,,,,,,,,,,
822,27411.1,15,489,608,,,,,,,,,,,,,,,
823,27443.5,17,484,609,,,,,,,,,,,,,,,
824,27480.6,14,493,609,,,,,,,,,,,,,,,
825,27513.7,14,509,609,,,,,,,,,,,,,,,
826,27543.2,14,534,611,,,,,,,,,,,,,,,
827,27575.2,15,564,612,,,,,,,,,,,,,,,
828,27610.8,15,596,612,,,,,,,,,,,,,,,
829,27643.4,16,626,614,,,,,,,,,,,,,,,
830,27675.0,15,653,611,,,,,,,,,,,,,,,
831,27711.0,16,669,613,,,,,,,,,,,,,,,
832,27743.2,16,678,612,,,,,,,,,,,,,,,
833,27775.2,16,673,611,,,,,,,,,,,,,,,
834,27811.3,17,658,612,,,,,,,,,,,,,,,
835,27843.0,16,637,611,,,,,,,,,,,,,,,
836,27875.0,16,607,608,,,,,,,,,,,,,,,
837,27910.9,16,575,607,,,,,,,,,,,,,,,
838,27943.3,16,543,608,,,,,,,,,,,,,,,
839,27975.0,17,516,606,,,,,,,,,,,,,,,
840,28011.0,18,493,605,,,,,,,,,,,,,,,
841,28045.4,18,483,604,,,,,,,,,,,,,,,
842,28074.9,18,483,603,,,,,,,,,,,,,,,
843,28113.5,18,496,601,,,,,,,,,,,,,,,
844,28143.4,17,517,600,,,,,,,,,,,,,,,
845,28175.3,17,545,598,,,,,,,,,,,,,,,
846,28211.1,17,578,596,,,,,,,,,,,,,,,
847,28245.6,17,611,596,,,,,,,,,,,,,,,
848,28276.0,17,641,595,,,,,,,,,,,,,,,
849,28311.3,18,664,594,,,,,,,,,,,,,,,
850,28342.9,18,677,595,,,,,,,,,,,,,,,
851,28375.2,17,679,595,,,,,,,,,,,,,,,
852,28411.3,17,669,595,,,,,,,,,,,,,,,
853,28443.1,17,649,595,,,,,,,,,,,,,,,
854,28475.2,15,624,597,,,,,,,,,,,,,,,
855,28511.0,16,590,599,,,,,,,,,,,,,,,
856,28543.9,15,558,599,,,,,,,,,,,,,,,
857,28576.5,15,528,601,,,,,,,,,,,,,,,
858,28611.3,15,504,604,,,,,,,,,,,,,,,
859,28645.6,16,490,606,,,,,,,,,,,,,,,
860,28675.1,16,485,607,,,,,,,,,,,,,,,
861,28711.1,17,490,610,,,,,,,,,,,,,,,
862,28743.1,14,508,609,,,,,,,,,,,,,,,
863,28775.2,14,532,610,,,,,,,,,,,,,,,
864,28811.3,13,565,611,,,,,,,,,,,,,,,
865,28843.5,14,596,613,,,,,,,,,,,,,,,
866,28875.2,12,626,613,,,,,,,,,,,,,,,
867,28911.4,14,651,612,,,,,,,,,,,,,,,
868,28943.2,12,669,611,,,,,,,,,,,,,,,
869,28975.6,12,676,613,,,,,,,,,,,,,,,
870,29011.1,10,677,609,,,,,,,,,,,,,,,
871,29043.0,11,658,611,,,,,,,,,,,,,,,
872,29075.1,11,636,608,,,,,,,,,,,,,,,
873,29111.2,12,608,611,,,,,,,,,,,,,,,
874,29144.3,14,575,610,,,,,,,,,,,,,,,
875,29176.6,14,544,609,,,,,,,,,,,,,,,
876,29211.6,14,517,608,,,,,,,,,,,,,,,
877,29243.7,16,497,608,,,,,,,,,,,,,,,
878,29275.2,17,485,606,,,,,,,,,,,,,,,
879,29311.0,17,485,604,,,,,,,,,,,,,,,
880,29343.3,17,496,602,,,,,,,,,,,,,,,
881,29375.0,16,518,600,,,,,,,,,,,,,,,
882,29412.1,17,544,598,,,,,,,,,,,,,,,
883,29443.3,17,577,598,,,,,,,,,,,,,,,
884,29475.4,17,611,597,,,,,,,,,,,,,,,
885,29511.5,18,639,596,,,,,,,,,,,,,,,
886,29543.0,17,663,594,,,,,,,,,,,,,,,
887,29578.8,18,676,594,,,,,,,,,,,,,,,
888,29613.4,18,678,595,,,,,,,,,,,,,,,
889,29643.2,18,669,595,,,,,,,,,,,,,,,
890,29675.2,18,649,597,,,,,,,,,,,,,,,
891,29711.2,17,622,597,,,,,,,,,,,,,,,
892,29743.0,16,591,599,,,,,,,,,,,,,,,
893,29775.2,18,556,600,,,,,,,,,,,,,,,
894,29811.2,17,527,602,,,,,,,,,,,,,,,
895,29843.0,17,503,605,,,,,,,,,,,,,,,
896,29876.7,19,488,606,,,,,,,,,,,,,,,
897,29911.4,18,485,609,,,,,,,,,,,,,,,
898,29943.1,17,492,610,,,,,,,,,,,,,,,
899,29974.9,17,509,611,,,,,,,,,,,,,,,
900,30010.9,17,533,613,,,,,,,,,,,,,,,
901,30043.1,16,564,613,,,,,,,,,,,,,,,
902,30075.2,15,597,613,,,,,,,,,,,,,,,
903,30111.5,15,627,617,,,,,,,,,,,,,,,
904,30143.3,15,652,616,,,,,,,,,,,,,,,
905,30175.2,15,670,615,,,,,,,,,,,,,,,
906,30211.8,14,676,615,,,,,,,,,,,,,,,
907,30244.4,15,672,616,,,,,,,,,,,,,,,
908,30275.5,13,658,615,,,,,,,,,,,,,,,
909,30311.0,14,637,614,,,,,,,,,,,,,,,
910,30343.2,14,608,614,,,,,,,,,,,,,,,
911,30377.6,14,576,613,,,,,,,,,,,,,,,
912,30412.0,14,544,613,,,,,,,,,,,,,,,
913,30443.3,14,517,611,,,,,,,,,,,,,,,
914,30475.2,15,497,610,,,,,,,,,,,,,,,
915,30511.2,17,486,609,,,,,,,,,,,,,,,
916,30545.4,16,487,607,,,,,,,,,,,,,,,
917,30574.9,16,497,605,,,,,,,,,,,,,,,
918,30611.0,16,519,604,,,,,,,,,,,,,,,
919,30643.4,15,547,602,,,,,,,,,,,,,,,
920,30675.3,15,579,601,,,,,,,,,,,,,,,
921,30713.6,15,611,596,,,,,,,,,,,,,,,
922,30743.3,15,640,596,,,,,,,,,,,,,,,
923,30775.0,15,663,595,,,,,,,,,,,,,,,
924,30811.3,16,676,595,,,,,,,,,,,,,,,
925,30843.0,15,678,592,,,,,,,,,,,,,,,
926,30875.2,14,670,593,,,,,,,,,,,,,,,
927,30911.2,16,649,595,,,,,,,,,,,,,,,
928,30943.1,14,623,594,,,,,,,,,,,,,,,
929,30975.0,14,591,596,,,,,,,,,,,,,,,
930,31011.3,16,556,598,,,,,,,,,,,,,,,
931,31043.2,14,528,599,,,,,,,,,,,,,,,
932,31075.6,15,502,601,,,,,,,,,,,,,,,
933,31111.0,15,488,602,,,,,,,,,,,,,,,
934,31143.1,16,484,603,,,,,,,,,,,,,,,
935,31175.1,15,491,605,,,,,,,,,,,,,,,
936,31211.3,14,508,605,,,,,,,,,,,,,,,
937,31245.2,14,532,606,,,,,,,,,,,,,,,
938,31275.4,13,563,607,,,,,,,,,,,,,,,
939,31311.4,13,597,608,,,,,,,,,,,,,,,
940,31343.3,12,626,610,,,,,,,,,,,,,,,
941,31375.4,12,652,608,,,,,,,,,,,,,,,
942,31413.5,6,676,608,,,,,,,,,,,,,,,
943,31442.9,11,678,610,,,,,,,,,,,,,,,
944,31476.3,12,673,610,,,,,,,,,,,,,,,
945,31511.4,5,661,608,,,,,,,,,,,,,,,
946,31543.1,11,637,610,,,,,,,,,,,,,,,
947,31581.1,12,608,612,,,,,,,,,,,,,,,
948,31611.4,11,575,610,,,,,,,,,,,,,,,
949,31643.3,12,544,610,,,,,,,,,,,,,,,
950,31679.4,11,519,608,,,,,,,,,,,,,,,
951,31711.5,12,499,607,,,,,,,,,,,,,,,
952,31743.1,14,488,609,,,,,,,,,,,,,,,
953,31775.2,14,488,607,,,,,,,,,,,,,,,
954,31811.0,13,500,606,,,,,,,,,,,,,,,
955,31843.6,13,520,605,,,,,,,,,,,,,,,
956,31875.1,15,547,604,,,,,,,,,,,,,,,
957,31911.3,15,579,603,,,,,,,,,,,,,,,
958,31945.6,14,610,603,,,,,,,,,,,,,,,
959,31975.2,14,640,601,,,,,,,,,,,,,,,
960,32011.1,15,661,600,,,,,,,,,,,,,,,
961,32046.4,16,676,598,,,,,,,,,,,,,,,
962,32077.4,15,678,600,,,,,,,,,,,,,,,
963,32111.2,16,669,599,,,,,,,,,,,,,,,
964,32143.0,16,649,599,,,,,,,,,,,,,,,
965,32175.0,16,624,599,,,,,,,,,,,,,,,
966,32211.0,16,592,599,,,,,,,,,,,,,,,
967,32249.4,16,559,601,,,,,,,,,,,,,,,
968,32275.0,16,529,604,,,,,,,,,,,,,,,
969,32311.4,17,504,604,,,,,,,,,,,,,,,
970,32343.6,18,488,606,,,,,,,,,,,,,,,
971,32375.4,18,483,605,,,,,,,,,,,,,,,
972,32411.1,17,489,606,,,,,,,,,,,,,,,
973,32443.2,18,506,608,,,,,,,,,,,,,,,
974,32475.2,16,533,606,,,,,,,,,,,,,,,
975,32511.1,16,563,607,,,,,,,,,,,,,,,
976,32546.1,16,595,608,,,,,,,,,,,,,,,
977,32581.4,16,626,611,,,,,,,,,,,,,,,
978,32613.5,16,651,611,,,,,,,,,,,,,,,
979,32643.0,16,670,612,,,,,,,,,,,,,,,
980,32675.2,16,676,613,,,,,,,,,,,,,,,
981,32713.4,15,673,612,,,,,,,,,,,,,,,
982,32743.1,14,660,610,,,,,,,,,,,,,,,
983,32776.2,14,636,612,,,,,,,,,,,,,,,
984,32812.6,14,607,612,,,,,,,,,,,,,,,
985,32843.0,13,577,610,,,,,,,,,,,,,,,
986,32877.4,14,545,611,,,,,,,,,,,,,,,
987,32910.9,12,519,612,,,,,,,,,,,,,,,
988,32943.2,13,499,610,,,,,,,,,,,,,,,
989,32975.0,13,489,610,,,,,,,,,,,,,,,
990,33010.9,14,488,609,,,,,,,,,,,,,,,
991,33043.5,13,501,609,,,,,,,,,,,,,,,
992,33075.3,12,519,607,,,,,,,,,,,,,,,
993,33111.9,12,547,605,,,,,,,,,,,,,,,
994,33143.6,11,578,604,,,,,,,,,,,,,,,
995,33175.1,10,609,604,,,,,,,,,,,,,,,
996,33211.4,11,640,603,,,,,,,,,,,,,,,
997,33243.6,6,663,599,,,,,,,,,,,,,,,
1005,33511.5,7,530,596,,,,,,,,,,,,,,,
1007,33575.2,9,491,597,,,,,,,,,,,,,,,
1008,33611.0,6,484,595,,,,,,,,,,,,,,,
1010,33675.4,7,503,597,,,,,,,,,,,,,,,
1011,33711.1,10,531,597,,,,,,,,,,,,,,,
1012,33743.4,6,558,596,,,,,,,,,,,,,,,
1024,34143.0,6,522,604,,,,,,,,,,,,,,,
1041,34711.4,6,559,601,,,,,,,,,,,,,,,
1045,34843.4,5,486,597,,,,,,,,,,,,,,,
