frame_no,timestamp,size_px-darkorange,position_px_x-darkorange,position_px_y-darkorange,rx-darkorange,ry-darkorange,vx-darkorange,vy-darkorange,ax-darkorange,ay-darkorange,size_px-hotpink,position_px_x-hotpink,position_px_y-hotpink,rx-hotpink,ry-hotpink,vx-hotpink,vy-hotpink,ax-hotpink,ay-hotpink,size_px-lightorange,position_px_x-lightorange,position_px_y-lightorange,rx-lightorange,ry-lightorange,vx-lightorange,vy-lightorange,ax-lightorange,ay-lightorange
0,125.8,,,,,,,,,,,,,,,,,,,49,865,149,,,,,,
1,125.8,,,,,,,,,,,,,,,,,,,46,252,389,,,,,,
2,221.3,7,659,1037,,,,,,,,,,,,,,,,38,1075,642,,,,,,
3,243.3,,,,,,,,,,,,,,,,,,,15,669,104,,,,,,
5,274.5,,,,,,,,,,14,638,597,,,,,,,,,,,,,,,
6,283.2,5,647,106,,,,,,,,,,,,,,,,,,,,,,,,
7,296.4,6,647,106,,,,,,,14,637,598,,,,,,,,,,,,,,,
8,313.1,5,647,106,,,,,,,13,638,597,,,,,,,,,,,,,,,
9,323.9,,,,,,,,,,18,636,604,,,,,,,,,,,,,,,
10,341.2,,,,,,,,,,18,636,604,,,,,,,,,,,,,,,
11,373.0,,,,,,,,,,18,637,604,,,,,,,,,,,,,,,
12,409.2,,,,,,,,,,18,637,605,,,,,,,,,,,,,,,
13,441.7,,,,,,,,,,18,636,605,,,,,,,,,,,,,,,
14,473.5,,,,,,,,,,18,637,607,,,,,,,,,,,,,,,
15,509.1,,,,,,,,,,18,637,607,,,,,,,,,,,,,,,
16,541.7,,,,,,,,,,18,637,607,,,,,,,,,,,,,,,
17,573.6,,,,,,,,,,18,637,608,,,,,,,,,,,,,,,
18,609.4,,,,,,,,,,18,637,608,,,,,,,,,,,,,,,
19,641.3,,,,,,,,,,18,637,609,,,,,,,,,,,,,,,
20,673.3,,,,,,,,,,18,637,609,,,,,,,,,,,,,,,
21,710.3,,,,,,,,,,18,636,609,,,,,,,,,,,,,,,
22,743.6,,,,,,,,,,18,636,610,,,,,,,,,,,,,,,
23,773.1,,,,,,,,,,18,637,609,,,,,,,,,,,,,,,
24,809.4,,,,,,,,,,18,636,609,,,,,,,,,,,,,,,
25,841.0,,,,,,,,,,18,637,609,,,,,,,,,,,,,,,
26,877.5,,,,,,,,,,17,637,610,,,,,,,,,,,,,,,
27,909.1,,,,,,,,,,18,636,608,,,,,,,,,,,,,,,
28,941.4,5,647,106,,,,,,,18,636,608,,,,,,,,,,,,,,,
29,973.1,,,,,,,,,,18,636,609,,,,,,,,,,,,,,,
30,1009.2,,,,,,,,,,17,637,608,,,,,,,,,,,,,,,
31,1040.9,,,,,,,,,,17,637,608,,,,,,,,,,,,,,,
32,1074.2,,,,,,,,,,18,637,607,,,,,,,,,,,,,,,
33,1108.9,,,,,,,,,,17,637,606,,,,,,,,,,,,,,,
34,1145.6,,,,,,,,,,18,636,606,,,,,,,,,,,,,,,
35,1181.7,,,,,,,,,,18,637,605,,,,,,,,,,,,,,,
36,1214.2,,,,,,,,,,17,637,604,,,,,,,,,,,,,,,
37,1241.5,,,,,,,,,,18,637,604,,,,,,,,,,,,,,,
38,1273.3,,,,,,,,,,18,637,603,,,,,,,,,,,,,,,
39,1311.4,,,,,,,,,,17,637,603,,,,,,,,,,,,,,,
40,1341.5,,,,,,,,,,17,636,602,,,,,,,,,,,,,,,
41,1373.2,,,,,,,,,,17,637,602,,,,,,,,,,,,,,,
42,1411.5,,,,,,,,,,17,637,601,,,,,,,,,,,,,,,
43,1441.1,,,,,,,,,,17,637,602,,,,,,,,,,,,,,,
44,1473.3,,,,,,,,,,17,637,601,,,,,,,,,,,,,,,
45,1509.1,,,,,,,,,,17,636,600,,,,,,,,,,,,,,,
46,1541.2,,,,,,,,,,16,638,601,,,,,,,,,,,,,,,
47,1573.2,,,,,,,,,,17,637,602,,,,,,,,,,,,,,,
48,1610.0,,,,,,,,,,17,636,602,,,,,,,,,,,,,,,
49,1645.7,,,,,,,,,,17,636,601,,,,,,,,,,,,,,,
50,1673.2,,,,,,,,,,17,637,602,,,,,,,,,,,,,,,
51,1709.2,,,,,,,,,,16,638,602,,,,,,,,,,,,,,,
52,1741.5,,,,,,,,,,17,636,602,,,,,,,,,,,,,,,
53,1773.4,,,,,,,,,,16,637,604,,,,,,,,,,,,,,,
54,1809.1,,,,,,,,,,16,637,603,,,,,,,,,,,,,,,
55,1845.4,,,,,,,,,,16,636,604,,,,,,,,,,,,,,,
56,1873.5,,,,,,,,,,16,637,604,,,,,,,,,,,,,,,
57,1909.2,,,,,,,,,,15,638,605,,,,,,,,,,,,,,,
58,1941.1,,,,,,,,,,16,637,606,,,,,,,,,,,,,,,
59,1973.5,,,,,,,,,,15,638,604,,,,,,,,,,,,,,,
60,2009.1,,,,,,,,,,16,636,606,,,,,,,,,,,,,,,
61,2041.1,,,,,,,,,,17,636,607,,,,,,,,,,,,,,,
62,2073.4,,,,,,,,,,16,637,607,,,,,,,,,,,,,,,
63,2109.1,,,,,,,,,,16,638,607,,,,,,,,,,,,,,,
64,2141.3,,,,,,,,,,16,637,607,,,,,,,,,,,,,,,
65,2173.5,,,,,,,,,,15,636,606,,,,,,,,,,,,,,,
66,2208.8,,,,,,,,,,15,638,607,,,,,,,,,,,,,,,
67,2241.0,,,,,,,,,,16,637,607,,,,,,,,,,,,,,,
68,2273.1,,,,,,,,,,16,637,608,,,,,,,,,,,,,,,
69,2309.2,,,,,,,,,,16,637,608,,,,,,,,,,,,,,,
70,2345.5,,,,,,,,,,16,638,607,,,,,,,,,,,,,,,
71,2373.4,,,,,,,,,,15,639,605,,,,,,,,,,,,,,,
72,2412.1,,,,,,,,,,15,638,606,,,,,,,,,,,,,,,
73,2441.0,,,,,,,,,,15,637,605,,,,,,,,,,,,,,,
74,2473.0,,,,,,,,,,15,637,605,,,,,,,,,,,,,,,
75,2509.1,,,,,,,,,,15,639,603,,,,,,,,,,,,,,,
76,2542.8,,,,,,,,,,15,639,602,,,,,,,,,,,,,,,
77,2573.3,,,,,,,,,,14,637,601,,,,,,,,,,,,,,,
78,2609.0,,,,,,,,,,16,636,602,,,,,,,,,,,,,,,
79,2641.4,,,,,,,,,,16,636,602,,,,,,,,,,,,,,,
80,2673.3,,,,,,,,,,15,637,600,,,,,,,,,,,,,,,
81,2710.0,,,,,,,,,,15,637,600,,,,,,,,,,,,,,,
82,2741.7,,,,,,,,,,15,637,601,,,,,,,,,,,,,,,
83,2773.4,,,,,,,,,,13,638,597,,,,,,,,,,,,,,,
84,2809.0,,,,,,,,,,14,638,599,,,,,,,,,,,,,,,
85,2841.3,,,,,,,,,,14,638,597,,,,,,,,,,,,,,,
86,2873.2,,,,,,,,,,13,637,597,,,,,,,,,,,,,,,
87,2908.9,,,,,,,,,,14,637,598,,,,,,,,,,,,,,,
88,2941.3,,,,,,,,,,13,637,596,,,,,,,,,,,,,,,
89,2973.1,,,,,,,,,,12,637,595,,,,,,,,,,,,,,,
90,3009.1,,,,,,,,,,12,638,596,,,,,,,,,,,,,,,
91,3041.3,,,,,,,,,,13,639,597,,,,,,,,,,,,,,,
92,3073.1,,,,,,,,,,10,642,594,,,,,,,,,,,,,,,
93,3108.9,,,,,,,,,,14,636,599,,,,,,,,,,,,,,,
94,3141.2,,,,,,,,,,13,638,598,,,,,,,,,,,,,,,
95,3173.5,,,,,,,,,,15,636,600,,,,,,,,,,,,,,,
96,3209.0,,,,,,,,,,14,637,600,,,,,,,,,,,,,,,
97,3241.2,,,,,,,,,,12,638,598,,,,,,,,,,,,,,,
98,3273.2,,,,,,,,,,14,638,600,,,,,,,,,,,,,,,
99,3309.1,,,,,,,,,,13,637,600,,,,,,,,,,,,,,,
100,3341.1,,,,,,,,,,14,638,603,,,,,,,,,,,,,,,
101,3373.8,,,,,,,,,,14,637,603,,,,,,,,,,,,,,,
102,3409.5,,,,,,,,,,14,638,603,,,,,,,,,,,,,,,
103,3441.2,,,,,,,,,,14,637,604,,,,,,,,,,,,,,,
104,3473.4,,,,,,,,,,9,641,600,,,,,,,,,,,,,,,
105,3509.3,,,,,,,,,,15,637,604,,,,,,,,,,,,,,,
106,3545.4,,,,,,,,,,13,639,603,,,,,,,,,,,,,,,
107,3573.4,,,,,,,,,,13,637,603,,,,,,,,,,,,,,,
108,3609.2,,,,,,,,,,13,638,604,,,,,,,,,,,,,,,
109,3641.5,,,,,,,,,,13,638,605,,,,,,,,,,,,,,,
110,3674.5,,,,,,,,,,11,636,603,,,,,,,,,,,,,,,
111,3709.3,,,,,,,,,,10,637,602,,,,,,,,,,,,,,,
112,3742.0,,,,,,,,,,11,635,602,,,,,,,,,,,,,,,
113,3773.8,,,,,,,,,,13,634,603,,,,,,,,,,,,,,,
114,3809.1,,,,,,,,,,13,637,603,,,,,,,,,,,,,,,
115,3841.2,,,,,,,,,,12,638,601,,,,,,,,,,,,,,,
116,3873.4,,,,,,,,,,13,637,601,,,,,,,,,,,,,,,
117,3909.0,,,,,,,,,,13,639,600,,,,,,,,,,,,,,,
118,3941.5,,,,,,,,,,14,637,601,,,,,,,,,,,,,,,
119,3973.3,,,,,,,,,,13,637,601,,,,,,,,,,,,,,,
120,4009.3,,,,,,,,,,13,637,600,,,,,,,,,,,,,,,
121,4041.2,,,,,,,,,,12,636,598,,,,,,,,,,,,,,,
122,4073.8,,,,,,,,,,13,638,598,,,,,,,,,,,,,,,
123,4109.5,,,,,,,,,,14,638,601,,,,,,,,,,,,,,,
124,4141.5,,,,,,,,,,13,638,598,,,,,,,,,,,,,,,
125,4173.2,,,,,,,,,,12,638,596,,,,,,,,,,,,,,,
126,4208.8,,,,,,,,,,12,637,596,,,,,,,,,,,,,,,
127,4241.1,,,,,,,,,,13,638,598,,,,,,,,,,,,,,,
128,4273.7,,,,,,,,,,14,637,597,,,,,,,,,,,,,,,
129,4309.2,,,,,,,,,,12,637,596,,,,,,,,,,,,,,,
130,4341.0,,,,,,,,,,12,637,595,,,,,,,,,,,,,,,
131,4376.9,,,,,,,,,,13,638,596,,,,,,,,,,,,,,,
132,4408.9,,,,,,,,,,13,638,596,,,,,,,,,,,,,,,
133,4441.5,,,,,,,,,,12,636,596,,,,,,,,,,,,,,,
134,4473.1,,,,,,,,,,13,637,599,,,,,,,,,,,,,,,
135,4512.3,,,,,,,,,,11,637,596,,,,,,,,,,,,,,,
136,4541.5,,,,,,,,,,13,638,599,,,,,,,,,,,,,,,
137,4573.7,,,,,,,,,,11,637,596,,,,,,,,,,,,,,,
138,4611.3,,,,,,,,,,12,638,598,,,,,,,,,,,,,,,
139,4641.2,,,,,,,,,,11,636,597,,,,,,,,,,,,,,,
140,4673.5,,,,,,,,,,14,637,601,,,,,,,,,,,,,,,
141,4708.8,,,,,,,,,,13,637,601,,,,,,,,,,,,,,,
142,4741.1,,,,,,,,,,15,637,603,,,,,,,,,,,,,,,
143,4773.1,,,,,,,,,,11,640,600,,,,,,,,,,,,,,,
144,4809.0,,,,,,,,,,12,636,601,,,,,,,,,,,,,,,
145,4841.1,,,,,,,,,,11,640,601,,,,,,,,,,,,,,,
146,4873.8,,,,,,,,,,13,637,603,,,,,,,,,,,,,,,
147,4909.3,,,,,,,,,,14,637,605,,,,,,,,,,,,,,,
148,4941.5,,,,,,,,,,12,638,602,,,,,,,,,,,,,,,
149,4973.2,,,,,,,,,,8,643,602,,,,,,,,,,,,,,,
150,5008.9,,,,,,,,,,11,638,602,,,,,,,,,,,,,,,
151,5041.1,,,,,,,,,,13,637,604,,,,,,,,,,,,,,,
152,5073.2,,,,,,,,,,14,637,605,,,,,,,,,,,,,,,
153,5109.3,,,,,,,,,,14,638,603,,,,,,,,,,,,,,,
154,5141.1,,,,,,,,,,12,639,602,,,,,,,,,,,,,,,
155,5177.4,,,,,,,,,,13,639,602,,,,,,,,,,,,,,,
156,5209.1,,,,,,,,,,14,637,603,,,,,,,,,,,,,,,
157,5247.2,,,,,,,,,,14,639,602,,,,,,,,,,,,,,,
158,5277.4,,,,,,,,,,12,638,601,,,,,,,,,,,,,,,
159,5309.1,,,,,,,,,,13,638,600,,,,,,,,,,,,,,,
160,5341.0,,,,,,,,,,13,638,601,,,,,,,,,,,,,,,
161,5373.1,,,,,,,,,,13,638,600,,,,,,,,,,,,,,,
162,5409.0,,,,,,,,,,13,637,600,,,,,,,,,,,,,,,
163,5441.5,,,,,,,,,,13,638,600,,,,,,,,,,,,,,,
164,5473.2,,,,,,,,,,12,637,598,,,,,,,,,,,,,,,
165,5509.1,,,,,,,,,,13,637,599,,,,,,,,,,,,,,,
166,5541.1,,,,,,,,,,12,637,596,,,,,,,,,,,,,,,
167,5577.5,,,,,,,,,,15,636,598,,,,,,,,,,,,,,,
168,5609.2,,,,,,,,,,15,636,599,,,,,,,,,,,,,,,
169,5646.2,,,,,,,,,,15,637,599,,,,,,,,,,,,,,,
170,5673.2,,,,,,,,,,14,637,597,,,,,,,,,,,,,,,
171,5708.8,,,,,,,,,,14,638,599,,,,,,,,,,,,,,,
172,5741.1,,,,,,,,,,15,637,599,,,,,,,,,,,,,,,
173,5773.2,,,,,,,,,,15,637,599,,,,,,,,,,,,,,,
174,5808.9,,,,,,,,,,14,638,598,,,,,,,,,,,,,,,
175,5841.2,,,,,,,,,,15,637,599,,,,,,,,,,,,,,,
176,5873.1,,,,,,,,,,15,637,599,,,,,,,,,,,,,,,
177,5909.1,,,,,,,,,,15,637,599,,,,,,,,,,,,,,,
178,5941.2,,,,,,,,,,14,637,600,,,,,,,,,,,,,,,
179,5973.5,,,,,,,,,,14,637,600,,,,,,,,,,,,,,,
180,6009.3,,,,,,,,,,15,637,601,,,,,,,,,,,,,,,
181,6041.4,,,,,,,,,,15,636,602,,,,,,,,,,,,,,,
182,6073.1,,,,,,,,,,15,637,603,,,,,,,,,,,,,,,
183,6109.0,,,,,,,,,,14,637,603,,,,,,,,,,,,,,,
184,6141.3,,,,,,,,,,15,637,604,,,,,,,,,,,,,,,
185,6173.1,,,,,,,,,,15,637,606,,,,,,,,,,,,,,,
186,6209.3,,,,,,,,,,16,637,606,,,,,,,,,,,,,,,
187,6241.6,,,,,,,,,,16,637,607,,,,,,,,,,,,,,,
188,6273.6,,,,,,,,,,16,637,607,,,,,,,,,,,,,,,
189,6309.0,,,,,,,,,,16,637,607,,,,,,,,,,,,,,,
190,6341.2,,,,,,,,,,16,638,607,,,,,,,,,,,,,,,
191,6373.2,,,,,,,,,,15,638,606,,,,,,,,,,,,,,,
192,6408.9,,,,,,,,,,16,637,608,,,,,,,,,,,,,,,
193,6441.2,,,,,,,,,,15,638,607,,,,,,,,,,,,,,,
194,6473.5,,,,,,,,,,16,636,607,,,,,,,,,,,,,,,
195,6508.9,,,,,,,,,,16,637,607,,,,,,,,,,,,,,,
196,6541.2,,,,,,,,,,17,637,609,,,,,,,,,,,,,,,
197,6573.5,,,,,,,,,,16,637,606,,,,,,,,,,,,,,,
198,6609.6,,,,,,,,,,16,636,605,,,,,,,,,,,,,,,
199,6641.5,,,,,,,,,,15,638,604,,,,,,,,,,,,,,,
200,6673.8,,,,,,,,,,16,637,605,,,,,,,,,,,,,,,
201,6709.2,,,,,,,,,,15,637,604,,,,,,,,,,,,,,,
202,6741.5,,,,,,,,,,16,637,605,,,,,,,,,,,,,,,
203,6773.6,,,,,,,,,,16,637,604,,,,,,,,,,,,,,,
204,6809.4,,,,,,,,,,15,637,604,,,,,,,,,,,,,,,
205,6841.5,,,,,,,,,,16,637,602,,,,,,,,,,,,,,,
206,6873.2,,,,,,,,,,16,637,602,,,,,,,,,,,,,,,
207,6909.3,,,,,,,,,,16,637,601,,,,,,,,,,,,,,,
208,6941.5,,,,,,,,,,16,637,601,,,,,,,,,,,,,,,
209,6973.1,,,,,,,,,,15,638,598,,,,,,,,,,,,,,,
210,7009.2,,,,,,,,,,14,638,600,,,,,,,,,,,,,,,
211,7041.4,,,,,,,,,,16,637,600,,,,,,,,,,,,,,,
212,7073.4,,,,,,,,,,15,638,600,,,,,,,,,,,,,,,
213,7109.2,,,,,,,,,,16,637,600,,,,,,,,,,,,,,,
214,7141.5,,,,,,,,,,14,639,599,,,,,,,,,,,,,,,
215,7173.6,,,,,,,,,,15,638,601,,,,,,,,,,,,,,,
216,7209.1,,,,,,,,,,15,638,600,,,,,,,,,,,,,,,
217,7241.6,,,,,,,,,,16,637,600,,,,,,,,,,,,,,,
218,7273.6,,,,,,,,,,14,639,598,,,,,,,,,,,,,,,
219,7309.0,,,,,,,,,,16,637,600,,,,,,,,,,,,,,,
220,7341.2,,,,,,,,,,16,636,601,,,,,,,,,,,,,,,
221,7373.4,,,,,,,,,,14,639,601,,,,,,,,,,,,,,,
222,7409.1,,,,,,,,,,16,637,604,,,,,,,,,,,,,,,
223,7441.1,,,,,,,,,,15,638,601,,,,,,,,,,,,,,,
224,7473.3,,,,,,,,,,15,637,603,,,,,,,,,,,,,,,
225,7509.3,,,,,,,,,,13,637,600,,,,,,,,,,,,,,,
226,7541.5,,,,,,,,,,13,638,599,,,,,,,,,,,,,,,
227,7573.4,,,,,,,,,,14,637,600,,,,,,,,,,,,,,,
228,7613.4,,,,,,,,,,14,637,598,,,,,,,,,,,,,,,
229,7641.5,,,,,,,,,,12,638,597,,,,,,,,,,,,,,,
230,7673.2,,,,,,,,,,12,639,597,,,,,,,,,,,,,,,
231,7709.4,,,,,,,,,,13,638,598,,,,,,,,,,,,,,,
232,7741.5,,,,,,,,,,12,640,597,,,,,,,,,,,,,,,
233,7775.7,,,,,,,,,,12,641,598,,,,,,,,,,,,,,,
234,7810.3,,,,,,,,,,12,645,598,,,,,,,,,,,,,,,
235,7841.6,,,,,,,,,,12,648,598,,,,,,,,,,,,,,,
236,7874.0,,,,,,,,,,11,653,598,,,,,,,,,,,,,,,
237,7909.2,,,,,,,,,,13,658,599,,,,,,,,,,,,,,,
238,7941.2,,,,,,,,,,13,663,601,,,,,,,,,,,,,,,
239,7973.2,,,,,,,,,,14,666,602,,,,,,,,,,,,,,,
240,8009.2,,,,,,,,,,12,671,600,,,,,,,,,,,,,,,
241,8041.7,,,,,,,,,,13,676,600,,,,,,,,,,,,,,,
242,8073.7,,,,,,,,,,13,679,602,,,,,,,,,,,,,,,
243,8109.1,,,,,,,,,,13,682,603,,,,,,,,,,,,,,,
244,8141.5,,,,,,,,,,13,687,602,,,,,,,,,,,,,,,
245,8173.6,,,,,,,,,,13,689,603,,,,,,,,,,,,,,,
246,8213.3,,,,,,,,,,14,692,603,,,,,,,,,,,,,,,
247,8241.3,,,,,,,,,,14,693,605,,,,,,,,,,,,,,,
248,8273.5,,,,,,,,,,12,696,604,,,,,,,,,,,,,,,
249,8308.9,,,,,,,,,,11,702,602,,,,,,,,,,,,,,,
250,8342.6,,,,,,,,,,13,703,603,,,,,,,,,,,,,,,
251,8377.5,,,,,,,,,,13,706,603,,,,,,,,,,,,,,,
252,8409.0,,,,,,,,,,13,712,603,,,,,,,,,,,,,,,
253,8441.2,,,,,,,,,,12,712,602,,,,,,,,,,,,,,,
254,8473.1,,,,,,,,,,14,716,604,,,,,,,,,,,,,,,
255,8509.2,,,,,,,,,,13,718,604,,,,,,,,,,,,,,,
256,8541.2,,,,,,,,,,13,720,603,,,,,,,,,,,,,,,
257,8573.5,,,,,,,,,,11,723,601,,,,,,,,,,,,,,,
258,8609.2,,,,,,,,,,12,724,602,,,,,,,,,,,,,,,
259,8641.1,,,,,,,,,,12,726,600,,,,,,,,,,,,,,,
260,8673.6,,,,,,,,,,13,729,601,,,,,,,,,,,,,,,
261,8709.2,,,,,,,,,,13,733,602,,,,,,,,,,,,,,,
262,8742.8,,,,,,,,,,13,734,601,,,,,,,,,,,,,,,
263,8773.3,,,,,,,,,,14,737,600,,,,,,,,,,,,,,,
264,8809.5,,,,,,,,,,12,738,597,,,,,,,,,,,,,,,
265,8841.9,,,,,,,,,,13,741,599,,,,,,,,,,,,,,,
266,8873.3,,,,,,,,,,12,741,598,,,,,,,,,,,,,,,
267,8908.9,,,,,,,,,,12,744,598,,,,,,,,,,,,,,,
268,8941.4,,,,,,,,,,13,748,600,,,,,,,,,,,,,,,
269,8973.1,,,,,,,,,,14,749,602,,,,,,,,,,,,,,,
270,9009.1,,,,,,,,,,9,755,596,,,,,,,,,,,,,,,
271,9041.7,,,,,,,,,,14,753,599,,,,,,,,,,,,,,,
272,9073.5,,,,,,,,,,13,753,598,,,,,,,,,,,,,,,
273,9109.2,,,,,,,,,,12,752,598,,,,,,,,,,,,,,,
274,9141.8,,,,,,,,,,14,753,599,,,,,,,,,,,,,,,
275,9173.3,,,,,,,,,,13,752,600,,,,,,,,,,,,,,,
276,9209.5,,,,,,,,,,13,753,601,,,,,,,,,,,,,,,
277,9241.3,,,,,,,,,,13,753,600,,,,,,,,,,,,,,,
278,9273.2,,,,,,,,,,12,753,600,,,,,,,,,,,,,,,
279,9309.2,,,,,,,,,,12,753,600,,,,,,,,,,,,,,,
280,9341.5,,,,,,,,,,13,755,601,,,,,,,,,,,,,,,
281,9373.2,,,,,,,,,,11,755,600,,,,,,,,,,,,,,,
282,9408.9,,,,,,,,,,11,754,602,,,,,,,,,,,,,,,
283,9441.3,,,,,,,,,,12,754,603,,,,,,,,,,,,,,,
284,9473.1,,,,,,,,,,11,754,600,,,,,,,,,,,,,,,
285,9509.1,,,,,,,,,,12,755,601,,,,,,,,,,,,,,,
286,9541.2,,,,,,,,,,14,755,603,,,,,,,,,,,,,,,
287,9573.5,,,,,,,,,,12,753,599,,,,,,,,,,,,,,,
288,9609.2,,,,,,,,,,12,752,600,,,,,,,,,,,,,,,
289,9641.2,,,,,,,,,,13,752,599,,,,,,,,,,,,,,,
290,9675.1,,,,,,,,,,13,752,601,,,,,,,,,,,,,,,
291,9709.1,,,,,,,,,,13,752,600,,,,,,,,,,,,,,,
292,9742.9,,,,,,,,,,13,750,599,,,,,,,,,,,,,,,
293,9773.2,,,,,,,,,,14,742,598,,,,,,,,,,,,,,,
294,9809.1,,,,,,,,,,14,725,598,,,,,,,,,,,,,,,
295,9842.0,,,,,,,,,,14,699,599,,,,,,,,,,,,,,,
296,9873.5,,,,,,,,,,15,667,601,,,,,,,,,,,,,,,
297,9910.0,,,,,,,,,,15,633,601,,,,,,,,,,,,,,,
298,9941.2,,,,,,,,,,14,600,601,,,,,,,,,,,,,,,
299,9973.2,,,,,,,,,,16,570,600,,,,,,,,,,,,,,,
300,10009.0,,,,,,,,,,16,547,600,,,,,,,,,,,,,,,
301,10041.3,,,,,,,,,,17,532,600,,,,,,,,,,,,,,,
302,10073.0,,,,,,,,,,18,527,601,,,,,,,,,,,,,,,
303,10109.1,,,,,,,,,,18,531,600,,,,,,,,,,,,,,,
304,10141.9,,,,,,,,,,17,546,600,,,,,,,,,,,,,,,
305,10173.8,,,,,,,,,,17,570,599,,,,,,,,,,,,,,,
306,10209.3,,,,,,,,,,17,600,599,,,,,,,,,,,,,,,
307,10241.1,,,,,,,,,,16,633,598,,,,,,,,,,,,,,,
308,10273.9,,,,,,,,,,16,667,597,,,,,,,,,,,,,,,
309,10309.3,,,,,,,,,,17,697,598,,,,,,,,,,,,,,,
310,10341.2,,,,,,,,,,17,722,596,,,,,,,,,,,,,,,
311,10374.2,,,,,,,,,,18,738,597,,,,,,,,,,,,,,,
312,10417.4,,,,,,,,,,18,746,596,,,,,,,,,,,,,,,
313,10441.8,,,,,,,,,,18,745,596,,,,,,,,,,,,,,,
314,10474.0,,,,,,,,,,17,732,594,,,,,,,,,,,,,,,
315,10509.1,,,,,,,,,,17,710,594,,,,,,,,,,,,,,,
316,10542.6,,,,,,,,,,16,683,594,,,,,,,,,,,,,,,
317,10573.2,,,,,,,,,,17,651,592,,,,,,,,,,,,,,,
318,10609.5,,,,,,,,,,17,618,592,,,,,,,,,,,,,,,
319,10641.1,,,,,,,,,,17,586,591,,,,,,,,,,,,,,,
320,10673.6,,,,,,,,,,17,559,589,,,,,,,,,,,,,,,
321,10709.1,,,,,,,,,,17,540,590,,,,,,,,,,,,,,,
322,10741.1,,,,,,,,,,18,528,588,,,,,,,,,,,,,,,
323,10773.2,,,,,,,,,,17,528,588,,,,,,,,,,,,,,,
324,10809.3,,,,,,,,,,17,538,586,,,,,,,,,,,,,,,
325,10841.1,,,,,,,,,,17,556,587,,,,,,,,,,,,,,,
326,10873.8,,,,,,,,,,16,582,585,,,,,,,,,,,,,,,
327,10909.0,,,,,,,,,,15,614,584,,,,,,,,,,,,,,,
328,10945.4,,,,,,,,,,17,647,584,,,,,,,,,,,,,,,
329,10973.2,,,,,,,,,,16,679,583,,,,,,,,,,,,,,,
330,11009.5,,,,,,,,,,16,707,582,,,,,,,,,,,,,,,
331,11041.2,,,,,,,,,,17,729,581,,,,,,,,,,,,,,,
332,11073.2,,,,,,,,,,17,742,581,,,,,,,,,,,,,,,
333,11109.5,,,,,,,,,,18,746,580,,,,,,,,,,,,,,,
334,11141.3,,,,,,,,,,16,739,580,,,,,,,,,,,,,,,
335,11173.2,,,,,,,,,,17,723,580,,,,,,,,,,,,,,,
336,11209.1,,,,,,,,,,16,698,580,,,,,,,,,,,,,,,
337,11241.1,,,,,,,,,,16,668,581,,,,,,,,,,,,,,,
338,11273.3,,,,,,,,,,16,636,582,,,,,,,,,,,,,,,
339,11309.2,,,,,,,,,,16,602,581,,,,,,,,,,,,,,,
340,11341.9,,,,,,,,,,16,573,580,,,,,,,,,,,,,,,
341,11373.2,,,,,,,,,,16,550,582,,,,,,,,,,,,,,,
342,11409.0,,,,,,,,,,16,534,582,,,,,,,,,,,,,,,
343,11441.0,,,,,,,,,,15,528,583,,,,,,,,,,,,,,,
344,11473.5,,,,,,,,,,16,531,581,,,,,,,,,,,,,,,
345,11509.1,,,,,,,,,,16,545,582,,,,,,,,,,,,,,,
346,11541.4,,,,,,,,,,15,569,584,,,,,,,,,,,,,,,
347,11573.4,,,,,,,,,,15,596,583,,,,,,,,,,,,,,,
348,11609.5,,,,,,,,,,14,628,584,,,,,,,,,,,,,,,
349,11641.0,,,,,,,,,,16,662,583,,,,,,,,,,,,,,,
350,11673.4,,,,,,,,,,13,692,585,,,,,,,,,,,,,,,
351,11708.9,,,,,,,,,,14,717,583,,,,,,,,,,,,,,,
352,11741.0,,,,,,,,,,15,735,583,,,,,,,,,,,,,,,
353,11773.3,,,,,,,,,,13,744,585,,,,,,,,,,,,,,,
354,11809.2,,,,,,,,,,16,742,583,,,,,,,,,,,,,,,
355,11841.1,,,,,,,,,,16,731,582,,,,,,,,,,,,,,,
356,11873.3,,,,,,,,,,14,711,583,,,,,,,,,,,,,,,
357,11909.4,,,,,,,,,,11,683,585,,,,,,,,,,,,,,,
358,11941.1,,,,,,,,,,13,653,583,,,,,,,,,,,,,,,
359,11974.0,,,,,,,,,,13,621,583,,,,,,,,,,,,,,,
360,12008.9,,,,,,,,,,13,590,583,,,,,,,,,,,,,,,
361,12041.2,,,,,,,,,,16,563,581,,,,,,,,,,,,,,,
362,12073.3,,,,,,,,,,15,541,580,,,,,,,,,,,,,,,
363,12109.1,,,,,,,,,,15,531,580,,,,,,,,,,,,,,,
364,12141.2,,,,,,,,,,13,529,579,,,,,,,,,,,,,,,
365,12173.1,,,,,,,,,,16,538,579,,,,,,,,,,,,,,,
366,12209.1,,,,,,,,,,15,554,579,,,,,,,,,,,,,,,
367,12241.2,,,,,,,,,,13,580,579,,,,,,,,,,,,,,,
368,12273.3,,,,,,,,,,14,611,578,,,,,,,,,,,,,,,
369,12309.0,,,,,,,,,,13,643,577,,,,,,,,,,,,,,,
370,12341.2,,,,,,,,,,14,675,577,,,,,,,,,,,,,,,
371,12373.2,,,,,,,,,,14,704,577,,,,,,,,,,,,,,,
372,12409.0,,,,,,,,,,14,725,577,,,,,,,,,,,,,,,
373,12441.1,,,,,,,,,,14,739,577,,,,,,,,,,,,,,,
374,12473.1,,,,,,,,,,16,745,577,,,,,,,,,,,,,,,
375,12509.0,,,,,,,,,,15,739,577,,,,,,,,,,,,,,,
376,12541.4,,,,,,,,,,14,722,578,,,,,,,,,,,,,,,
377,12573.2,,,,,,,,,,15,699,578,,,,,,,,,,,,,,,
378,12613.4,,,,,,,,,,15,671,578,,,,,,,,,,,,,,,
379,12641.2,,,,,,,,,,14,639,579,,,,,,,,,,,,,,,
380,12673.4,,,,,,,,,,14,606,579,,,,,,,,,,,,,,,
381,12709.1,,,,,,,,,,16,576,580,,,,,,,,,,,,,,,
382,12741.1,,,,,,,,,,15,551,581,,,,,,,,,,,,,,,
383,12773.5,,,,,,,,,,15,535,581,,,,,,,,,,,,,,,
384,12809.4,,,,,,,,,,16,529,581,,,,,,,,,,,,,,,
385,12841.3,,,,,,,,,,16,532,581,,,,,,,,,,,,,,,
386,12877.5,,,,,,,,,,15,545,583,,,,,,,,,,,,,,,
387,12909.3,,,,,,,,,,16,565,583,,,,,,,,,,,,,,,
388,12941.3,,,,,,,,,,15,595,584,,,,,,,,,,,,,,,
389,12973.9,,,,,,,,,,14,624,585,,,,,,,,,,,,,,,
390,13009.1,,,,,,,,,,13,657,585,,,,,,,,,,,,,,,
391,13041.5,,,,,,,,,,14,687,585,,,,,,,,,,,,,,,
392,13073.1,,,,,,,,,,16,713,583,,,,,,,,,,,,,,,
393,13109.1,,,,,,,,,,16,732,584,,,,,,,,,,,,,,,
394,13141.6,,,,,,,,,,16,741,584,,,,,,,,,,,,,,,
395,13175.6,,,,,,,,,,15,742,585,,,,,,,,,,,,,,,
396,13209.4,,,,,,,,,,16,732,583,,,,,,,,,,,,,,,
397,13241.5,,,,,,,,,,15,712,584,,,,,,,,,,,,,,,
398,13276.7,,,,,,,,,,15,685,583,,,,,,,,,,,,,,,
399,13309.5,,,,,,,,,,12,658,585,,,,,,,,,,,,,,,
400,13341.1,,,,,,,,,,15,624,583,,,,,,,,,,,,,,,
401,13373.1,,,,,,,,,,15,592,582,,,,,,,,,,,,,,,
402,13408.9,,,,,,,,,,15,565,581,,,,,,,,,,,,,,,
403,13441.9,,,,,,,,,,16,545,581,,,,,,,,,,,,,,,
404,13473.2,,,,,,,,,,16,532,579,,,,,,,,,,,,,,,
405,13509.3,,,,,,,,,,16,529,579,,,,,,,,,,,,,,,
406,13541.2,,,,,,,,,,16,537,579,,,,,,,,,,,,,,,
407,13573.2,,,,,,,,,,16,554,579,,,,,,,,,,,,,,,
408,13609.3,,,,,,,,,,16,576,578,,,,,,,,,,,,,,,
409,13641.7,,,,,,,,,,15,608,578,,,,,,,,,,,,,,,
410,13673.8,,,,,,,,,,15,640,578,,,,,,,,,,,,,,,
411,13709.2,,,,,,,,,,15,671,577,,,,,,,,,,,,,,,
412,13741.0,,,,,,,,,,16,700,577,,,,,,,,,,,,,,,
413,13773.2,,,,,,,,,,16,723,577,,,,,,,,,,,,,,,
414,13810.5,,,,,,,,,,16,738,577,,,,,,,,,,,,,,,
415,13841.3,,,,,,,,,,16,743,578,,,,,,,,,,,,,,,
416,13873.7,,,,,,,,,,16,739,578,,,,,,,,,,,,,,,
417,13909.2,,,,,,,,,,16,724,579,,,,,,,,,,,,,,,
418,13941.3,,,,,,,,,,15,702,579,,,,,,,,,,,,,,,
419,13974.2,,,,,,,,,,15,674,579,,,,,,,,,,,,,,,
420,14008.9,,,,,,,,,,15,642,581,,,,,,,,,,,,,,,
421,14041.3,,,,,,,,,,14,612,582,,,,,,,,,,,,,,,
422,14073.4,,,,,,,,,,16,580,581,,,,,,,,,,,,,,,
423,14109.7,,,,,,,,,,17,554,582,,,,,,,,,,,,,,,
424,14141.5,,,,,,,,,,16,538,583,,,,,,,,,,,,,,,
425,14173.6,,,,,,,,,,16,531,584,,,,,,,,,,,,,,,
426,14209.1,,,,,,,,,,16,533,584,,,,,,,,,,,,,,,
427,14242.5,,,,,,,,,,17,544,584,,,,,,,,,,,,,,,
428,14273.7,,,,,,,,,,16,565,585,,,,,,,,,,,,,,,
429,14309.2,,,,,,,,,,15,592,586,,,,,,,,,,,,,,,
430,14341.4,,,,,,,,,,14,622,586,,,,,,,,,,,,,,,
431,14373.3,,,,,,,,,,15,655,587,,,,,,,,,,,,,,,
432,14409.1,,,,,,,,,,16,684,587,,,,,,,,,,,,,,,
433,14441.6,,,,,,,,,,16,711,587,,,,,,,,,,,,,,,
434,14473.4,,,,,,,,,,16,731,588,,,,,,,,,,,,,,,
435,14509.7,,,,,,,,,,16,740,587,,,,,,,,,,,,,,,
436,14542.3,,,,,,,,,,16,741,585,,,,,,,,,,,,,,,
437,14573.7,,,,,,,,,,16,732,586,,,,,,,,,,,,,,,
438,14609.2,,,,,,,,,,17,714,585,,,,,,,,,,,,,,,
439,14641.6,,,,,,,,,,16,690,586,,,,,,,,,,,,,,,
440,14673.3,,,,,,,,,,16,659,584,,,,,,,,,,,,,,,
441,14709.0,,,,,,,,,,17,626,584,,,,,,,,,,,,,,,
442,14741.1,,,,,,,,,,16,596,582,,,,,,,,,,,,,,,
443,14773.2,,,,,,,,,,16,569,583,,,,,,,,,,,,,,,
444,14808.9,,,,,,,,,,17,546,582,,,,,,,,,,,,,,,
445,14842.1,,,,,,,,,,17,533,580,,,,,,,,,,,,,,,
446,14873.3,,,,,,,,,,16,530,579,,,,,,,,,,,,,,,
447,14909.2,,,,,,,,,,16,537,580,,,,,,,,,,,,,,,
448,14941.3,,,,,,,,,,18,552,578,,,,,,,,,,,,,,,
449,14973.6,,,,,,,,,,16,573,579,,,,,,,,,,,,,,,
450,15009.3,,,,,,,,,,15,606,579,,,,,,,,,,,,,,,
451,15041.1,,,,,,,,,,16,637,578,,,,,,,,,,,,,,,
452,15073.4,,,,,,,,,,16,667,576,,,,,,,,,,,,,,,
453,15109.2,,,,,,,,,,16,697,576,,,,,,,,,,,,,,,
454,15141.8,,,,,,,,,,17,721,575,,,,,,,,,,,,,,,
455,15177.6,,,,,,,,,,16,736,577,,,,,,,,,,,,,,,
456,15209.5,,,,,,,,,,17,743,576,,,,,,,,,,,,,,,
457,15241.2,,,,,,,,,,17,739,578,,,,,,,,,,,,,,,
458,15273.7,,,,,,,,,,16,726,577,,,,,,,,,,,,,,,
459,15309.2,,,,,,,,,,16,704,579,,,,,,,,,,,,,,,
460,15341.8,5,647,106,,,,,,,17,675,579,,,,,,,,,,,,,,,
461,15373.2,,,,,,,,,,15,645,581,,,,,,,,,,,,,,,
462,15409.3,,,,,,,,,,15,613,582,,,,,,,,,,,,,,,
463,15441.4,,,,,,,,,,16,582,584,,,,,,,,,,,,,,,
464,15473.6,,,,,,,,,,15,559,584,,,,,,,,,,,,,,,
465,15509.2,,,,,,,,,,16,541,584,,,,,,,,,,,,,,,
466,15541.3,,,,,,,,,,16,532,585,,,,,,,,,,,,,,,
467,15573.5,,,,,,,,,,17,533,586,,,,,,,,,,,,,,,
468,15608.9,,,,,,,,,,16,544,587,,,,,,,,,,,,,,,
469,15641.5,,,,,,,,,,17,563,587,,,,,,,,,,,,,,,
470,15673.6,,,,,,,,,,17,589,588,,,,,,,,,,,,,,,
471,15709.5,,,,,,,,,,16,619,589,,,,,,,,,,,,,,,
472,15741.4,,,,,,,,,,16,651,588,,,,,,,,,,,,,,,
473,15773.0,,,,,,,,,,16,681,589,,,,,,,,,,,,,,,
474,15809.2,,,,,,,,,,16,707,589,,,,,,,,,,,,,,,
475,15841.1,,,,,,,,,,17,728,589,,,,,,,,,,,,,,,
476,15873.3,,,,,,,,,,16,739,590,,,,,,,,,,,,,,,
477,15909.3,,,,,,,,,,16,741,588,,,,,,,,,,,,,,,
478,15941.5,,,,,,,,,,17,733,588,,,,,,,,,,,,,,,
479,15973.5,5,647,106,,,,,,,16,715,587,,,,,,,,,,,,,,,
480,16008.9,,,,,,,,,,17,690,586,,,,,,,,,,,,,,,
481,16041.7,,,,,,,,,,15,663,586,,,,,,,,,,,,,,,
482,16073.4,,,,,,,,,,16,631,585,,,,,,,,,,,,,,,
483,16109.3,,,,,,,,,,16,599,585,,,,,,,,,,,,,,,
484,16141.2,,,,,,,,,,16,571,582,,,,,,,,,,,,,,,
485,16173.3,,,,,,,,,,16,550,582,,,,,,,,,,,,,,,
486,16210.1,,,,,,,,,,17,535,580,,,,,,,,,,,,,,,
487,16241.2,,,,,,,,,,17,530,579,,,,,,,,,,,,,,,
488,16273.4,,,,,,,,,,17,536,578,,,,,,,,,,,,,,,
489,16309.2,,,,,,,,,,17,551,575,,,,,,,,,,,,,,,
490,16341.0,,,,,,,,,,17,573,576,,,,,,,,,,,,,,,
491,16373.2,,,,,,,,,,16,601,575,,,,,,,,,,,,,,,
492,16409.0,,,,,,,,,,16,634,575,,,,,,,,,,,,,,,
493,16441.2,,,,,,,,,,17,665,573,,,,,,,,,,,,,,,
494,16473.7,,,,,,,,,,17,694,574,,,,,,,,,,,,,,,
495,16509.2,,,,,,,,,,16,718,574,,,,,,,,,,,,,,,
496,16541.5,,,,,,,,,,17,734,574,,,,,,,,,,,,,,,
497,16573.4,,,,,,,,,,17,742,575,,,,,,,,,,,,,,,
498,16609.2,,,,,,,,,,17,738,576,,,,,,,,,,,,,,,
499,16641.0,,,,,,,,,,16,726,576,,,,,,,,,,,,,,,
500,16677.5,,,,,,,,,,17,706,578,,,,,,,,,,,,,,,
501,16709.2,,,,,,,,,,15,678,579,,,,,,,,,,,,,,,
502,16741.3,5,647,106,,,,,,,17,648,579,,,,,,,,,,,,,,,
503,16773.3,,,,,,,,,,17,616,582,,,,,,,,,,,,,,,
504,16809.0,,,,,,,,,,16,585,583,,,,,,,,,,,,,,,
505,16841.3,,,,,,,,,,16,561,583,,,,,,,,,,,,,,,
506,16873.1,,,,,,,,,,17,542,584,,,,,,,,,,,,,,,
507,16909.2,,,,,,,,,,16,533,587,,,,,,,,,,,,,,,
508,16941.5,,,,,,,,,,17,533,588,,,,,,,,,,,,,,,
509,16973.4,,,,,,,,,,16,543,589,,,,,,,,,,,,,,,
510,17009.6,,,,,,,,,,17,561,590,,,,,,,,,,,,,,,
511,17041.2,,,,,,,,,,16,587,591,,,,,,,,,,,,,,,
512,17074.4,,,,,,,,,,16,616,591,,,,,,,,,,,,,,,
513,17109.0,,,,,,,,,,16,647,592,,,,,,,,,,,,,,,
514,17141.6,,,,,,,,,,16,678,593,,,,,,,,,,,,,,,
515,17173.9,,,,,,,,,,16,705,592,,,,,,,,,,,,,,,
516,17209.0,,,,,,,,,,17,725,593,,,,,,,,,,,,,,,
517,17242.7,,,,,,,,,,16,737,592,,,,,,,,,,,,,,,
518,17273.3,,,,,,,,,,17,740,592,,,,,,,,,,,,,,,
519,17309.8,,,,,,,,,,17,733,591,,,,,,,,,,,,,,,
520,17343.1,,,,,,,,,,17,717,589,,,,,,,,,,,,,,,
521,17373.3,,,,,,,,,,16,693,589,,,,,,,,,,,,,,,
522,17409.8,,,,,,,,,,16,665,587,,,,,,,,,,,,,,,
523,17441.3,,,,,,,,,,16,634,587,,,,,,,,,,,,,,,
524,17473.9,,,,,,,,,,16,603,585,,,,,,,,,,,,,,,
525,17508.9,,,,,,,,,,16,575,583,,,,,,,,,,,,,,,
526,17541.1,,,,,,,,,,17,552,581,,,,,,,,,,,,,,,
527,17573.2,,,,,,,,,,17,537,579,,,,,,,,,,,,,,,
528,17608.9,,,,,,,,,,16,532,579,,,,,,,,,,,,,,,
529,17641.6,,,,,,,,,,17,537,577,,,,,,,,,,,,,,,
530,17673.5,,,,,,,,,,16,549,576,,,,,,,,,,,,,,,
531,17711.0,,,,,,,,,,17,571,574,,,,,,,,,,,,,,,
532,17741.1,,,,,,,,,,16,598,574,,,,,,,,,,,,,,,
533,17773.2,,,,,,,,,,16,630,574,,,,,,,,,,,,,,,
534,17809.2,,,,,,,,,,17,661,571,,,,,,,,,,,,,,,
535,17841.2,,,,,,,,,,17,691,570,,,,,,,,,,,,,,,
536,17873.2,,,,,,,,,,17,715,571,,,,,,,,,,,,,,,
537,17908.9,,,,,,,,,,17,732,572,,,,,,,,,,,,,,,
538,17941.0,,,,,,,,,,17,740,572,,,,,,,,,,,,,,,
539,17973.5,,,,,,,,,,17,738,573,,,,,,,,,,,,,,,
540,18010.2,,,,,,,,,,17,728,574,,,,,,,,,,,,,,,
541,18045.4,,,,,,,,,,16,707,576,,,,,,,,,,,,,,,
542,18073.4,,,,,,,,,,16,681,578,,,,,,,,,,,,,,,
543,18109.2,,,,,,,,,,17,650,579,,,,,,,,,,,,,,,
544,18141.3,,,,,,,,,,16,620,582,,,,,,,,,,,,,,,
545,18173.6,,,,,,,,,,16,591,585,,,,,,,,,,,,,,,
546,18208.9,,,,,,,,,,17,565,586,,,,,,,,,,,,,,,
547,18241.0,5,647,106,,,,,,,17,545,588,,,,,,,,,,,,,,,
548,18273.7,,,,,,,,,,17,536,589,,,,,,,,,,,,,,,
549,18309.4,,,,,,,,,,18,534,591,,,,,,,,,,,,,,,
550,18341.7,,,,,,,,,,17,544,593,,,,,,,,,,,,,,,
551,18373.2,,,,,,,,,,17,560,594,,,,,,,,,,,,,,,
552,18409.1,,,,,,,,,,16,586,596,,,,,,,,,,,,,,,
553,18445.0,,,,,,,,,,16,614,597,,,,,,,,,,,,,,,
554,18473.6,,,,,,,,,,16,644,597,,,,,,,,,,,,,,,
555,18509.7,,,,,,,,,,16,675,597,,,,,,,,,,,,,,,
556,18545.8,,,,,,,,,,17,701,598,,,,,,,,,,,,,,,
557,18573.9,,,,,,,,,,17,722,597,,,,,,,,,,,,,,,
558,18609.0,,,,,,,,,,16,735,598,,,,,,,,,,,,,,,
559,18645.2,,,,,,,,,,17,738,597,,,,,,,,,,,,,,,
560,18673.3,,,,,,,,,,17,732,596,,,,,,,,,,,,,,,
561,18709.2,,,,,,,,,,17,717,594,,,,,,,,,,,,,,,
562,18741.1,,,,,,,,,,16,695,591,,,,,,,,,,,,,,,
563,18773.1,,,,,,,,,,16,667,589,,,,,,,,,,,,,,,
564,18809.7,,,,,,,,,,15,637,589,,,,,,,,,,,,,,,
565,18845.4,,,,,,,,,,17,605,585,,,,,,,,,,,,,,,
566,18873.6,,,,,,,,,,17,577,582,,,,,,,,,,,,,,,
567,18909.3,,,,,,,,,,17,554,581,,,,,,,,,,,,,,,
568,18941.4,,,,,,,,,,17,540,580,,,,,,,,,,,,,,,
569,18973.2,,,,,,,,,,17,532,576,,,,,,,,,,,,,,,
570,19009.0,,,,,,,,,,17,537,575,,,,,,,,,,,,,,,
571,19041.5,,,,,,,,,,17,549,572,,,,,,,,,,,,,,,
572,19073.7,,,,,,,,,,17,569,570,,,,,,,,,,,,,,,
573,19108.9,,,,,,,,,,17,597,570,,,,,,,,,,,,,,,
574,19141.2,,,,,,,,,,18,626,568,,,,,,,,,,,,,,,
575,19175.6,,,,,,,,,,17,657,567,,,,,,,,,,,,,,,
576,19209.3,,,,,,,,,,16,688,566,,,,,,,,,,,,,,,
577,19241.3,,,,,,,,,,17,713,566,,,,,,,,,,,,,,,
578,19273.5,,,,,,,,,,17,731,566,,,,,,,,,,,,,,,
579,19309.2,,,,,,,,,,18,739,567,,,,,,,,,,,,,,,
580,19341.5,,,,,,,,,,17,738,569,,,,,,,,,,,,,,,
581,19374.9,,,,,,,,,,17,728,570,,,,,,,,,,,,,,,
582,19409.1,,,,,,,,,,17,709,572,,,,,,,,,,,,,,,
583,19441.2,,,,,,,,,,17,683,575,,,,,,,,,,,,,,,
584,19473.3,,,,,,,,,,16,654,578,,,,,,,,,,,,,,,
585,19509.2,,,,,,,,,,17,621,580,,,,,,,,,,,,,,,
586,19541.2,,,,,,,,,,16,593,584,,,,,,,,,,,,,,,
587,19573.4,,,,,,,,,,17,567,587,,,,,,,,,,,,,,,
588,19609.2,,,,,,,,,,16,547,589,,,,,,,,,,,,,,,
589,19641.2,,,,,,,,,,17,537,591,,,,,,,,,,,,,,,
590,19673.5,,,,,,,,,,17,537,595,,,,,,,,,,,,,,,
591,19709.2,,,,,,,,,,16,544,598,,,,,,,,,,,,,,,
592,19741.6,,,,,,,,,,17,560,598,,,,,,,,,,,,,,,
593,19773.2,,,,,,,,,,15,584,601,,,,,,,,,,,,,,,
594,19809.2,,,,,,,,,,16,612,603,,,,,,,,,,,,,,,
595,19841.5,,,,,,,,,,16,642,604,,,,,,,,,,,,,,,
596,19873.1,,,,,,,,,,16,672,603,,,,,,,,,,,,,,,
597,19909.3,,,,,,,,,,16,699,605,,,,,,,,,,,,,,,
598,19941.3,,,,,,,,,,16,719,605,,,,,,,,,,,,,,,
599,19974.2,,,,,,,,,,17,732,604,,,,,,,,,,,,,,,
600,20009.0,,,,,,,,,,17,737,602,,,,,,,,,,,,,,,
601,20041.4,,,,,,,,,,17,732,600,,,,,,,,,,,,,,,
602,20073.3,,,,,,,,,,16,717,598,,,,,,,,,,,,,,,
603,20109.0,,,,,,,,,,16,696,595,,,,,,,,,,,,,,,
604,20141.4,,,,,,,,,,15,669,592,,,,,,,,,,,,,,,
605,20173.4,5,647,106,,,,,,,15,639,589,,,,,,,,,,,,,,,
606,20209.1,,,,,,,,,,16,609,588,,,,,,,,,,,,,,,
607,20241.2,,,,,,,,,,17,580,583,,,,,,,,,,,,,,,
608,20273.2,,,,,,,,,,16,558,581,,,,,,,,,,,,,,,
609,20309.4,,,,,,,,,,18,541,577,,,,,,,,,,,,,,,
610,20341.6,,,,,,,,,,17,534,574,,,,,,,,,,,,,,,
611,20373.2,,,,,,,,,,17,537,571,,,,,,,,,,,,,,,
612,20409.2,,,,,,,,,,17,549,568,,,,,,,,,,,,,,,
613,20441.3,,,,,,,,,,17,569,566,,,,,,,,,,,,,,,
614,20473.7,,,,,,,,,,17,594,563,,,,,,,,,,,,,,,
615,20509.1,,,,,,,,,,16,624,561,,,,,,,,,,,,,,,
616,20541.4,,,,,,,,,,17,654,560,,,,,,,,,,,,,,,
617,20577.4,,,,,,,,,,17,684,559,,,,,,,,,,,,,,,
618,20612.0,,,,,,,,,,16,710,558,,,,,,,,,,,,,,,
619,20641.6,,,,,,,,,,17,728,559,,,,,,,,,,,,,,,
620,20673.6,,,,,,,,,,17,738,560,,,,,,,,,,,,,,,
621,20709.0,,,,,,,,,,17,738,562,,,,,,,,,,,,,,,
622,20741.7,,,,,,,,,,17,728,564,,,,,,,,,,,,,,,
623,20773.9,,,,,,,,,,17,710,567,,,,,,,,,,,,,,,
624,20809.2,,,,,,,,,,16,684,570,,,,,,,,,,,,,,,
625,20841.1,,,,,,,,,,16,656,573,,,,,,,,,,,,,,,
626,20873.2,,,,,,,,,,17,624,579,,,,,,,,,,,,,,,
627,20909.5,5,647,106,,,,,,,17,594,582,,,,,,,,,,,,,,,
628,20941.1,,,,,,,,,,16,570,586,,,,,,,,,,,,,,,
629,20973.3,,,,,,,,,,17,550,590,,,,,,,,,,,,,,,
630,21009.2,,,,,,,,,,17,540,593,,,,,,,,,,,,,,,
631,21042.0,,,,,,,,,,17,537,598,,,,,,,,,,,,,,,
632,21073.6,,,,,,,,,,17,544,600,,,,,,,,,,,,,,,
633,21109.4,,,,,,,,,,17,560,605,,,,,,,,,,,,,,,
634,21142.2,,,,,,,,,,16,583,607,,,,,,,,,,,,,,,
635,21173.1,,,,,,,,,,15,610,609,,,,,,,,,,,,,,,
636,21209.0,,,,,,,,,,15,640,610,,,,,,,,,,,,,,,
637,21241.6,,,,,,,,,,15,669,612,,,,,,,,,,,,,,,
638,21273.1,,,,,,,,,,16,695,613,,,,,,,,,,,,,,,
639,21309.0,,,,,,,,,,16,715,613,,,,,,,,,,,,,,,
640,21341.3,,,,,,,,,,16,728,612,,,,,,,,,,,,,,,
641,21373.4,,,,,,,,,,16,733,612,,,,,,,,,,,,,,,
642,21409.4,,,,,,,,,,16,729,608,,,,,,,,,,,,,,,
643,21441.4,,,,,,,,,,16,716,606,,,,,,,,,,,,,,,
644,21473.9,,,,,,,,,,15,696,602,,,,,,,,,,,,,,,
645,21508.9,,,,,,,,,,15,670,599,,,,,,,,,,,,,,,
646,21541.3,,,,,,,,,,16,641,593,,,,,,,,,,,,,,,
647,21573.5,,,,,,,,,,16,612,590,,,,,,,,,,,,,,,
648,21609.3,,,,,,,,,,16,584,586,,,,,,,,,,,,,,,
649,21641.3,,,,,,,,,,17,560,581,,,,,,,,,,,,,,,
650,21674.6,,,,,,,,,,17,545,576,,,,,,,,,,,,,,,
651,21713.4,,,,,,,,,,18,536,571,,,,,,,,,,,,,,,
652,21741.0,,,,,,,,,,17,538,567,,,,,,,,,,,,,,,
653,21773.5,,,,,,,,,,17,548,563,,,,,,,,,,,,,,,
654,21809.4,,,,,,,,,,17,567,559,,,,,,,,,,,,,,,
655,21841.0,,,,,,,,,,17,593,557,,,,,,,,,,,,,,,
656,21873.4,,,,,,,,,,16,623,553,,,,,,,,,,,,,,,
657,21908.9,,,,,,,,,,16,653,550,,,,,,,,,,,,,,,
658,21941.5,,,,,,,,,,17,681,548,,,,,,,,,,,,,,,
659,21973.6,,,,,,,,,,17,707,548,,,,,,,,,,,,,,,
660,22009.1,,,,,,,,,,17,725,549,,,,,,,,,,,,,,,
661,22041.2,,,,,,,,,,18,736,550,,,,,,,,,,,,,,,
662,22073.6,,,,,,,,,,17,735,552,,,,,,,,,,,,,,,
663,22109.2,,,,,,,,,,17,728,556,,,,,,,,,,,,,,,
664,22141.1,,,,,,,,,,17,710,560,,,,,,,,,,,,,,,
665,22173.2,,,,,,,,,,17,685,565,,,,,,,,,,,,,,,
666,22209.4,,,,,,,,,,16,657,569,,,,,,,,,,,,,,,
667,22241.1,,,,,,,,,,17,627,575,,,,,,,,,,,,,,,
668,22274.4,,,,,,,,,,16,598,580,,,,,,,,,,,,,,,
669,22309.1,,,,,,,,,,17,572,588,,,,,,,,,,,,,,,
670,22341.2,,,,,,,,,,17,553,592,,,,,,,,,,,,,,,
671,22373.3,,,,,,,,,,16,543,597,,,,,,,,,,,,,,,
672,22409.1,,,,,,,,,,17,540,602,,,,,,,,,,,,,,,
673,22441.1,,,,,,,,,,16,547,607,,,,,,,,,,,,,,,
674,22473.6,,,,,,,,,,16,562,611,,,,,,,,,,,,,,,
675,22509.2,,,,,,,,,,16,582,616,,,,,,,,,,,,,,,
676,22541.4,,,,,,,,,,15,610,620,,,,,,,,,,,,,,,
677,22573.7,,,,,,,,,,14,638,623,,,,,,,,,,,,,,,
678,22608.9,,,,,,,,,,15,666,623,,,,,,,,,,,,,,,
679,22641.3,,,,,,,,,,16,691,624,,,,,,,,,,,,,,,
680,22673.5,,,,,,,,,,16,711,625,,,,,,,,,,,,,,,
681,22709.4,,,,,,,,,,16,724,623,,,,,,,,,,,,,,,
682,22741.2,,,,,,,,,,16,729,622,,,,,,,,,,,,,,,
683,22773.4,,,,,,,,,,16,725,620,,,,,,,,,,,,,,,
684,22809.2,,,,,,,,,,16,713,616,,,,,,,,,,,,,,,
685,22842.7,,,,,,,,,,16,695,610,,,,,,,,,,,,,,,
686,22873.7,,,,,,,,,,16,670,605,,,,,,,,,,,,,,,
687,22909.5,,,,,,,,,,16,642,600,,,,,,,,,,,,,,,
688,22941.1,,,,,,,,,,16,614,594,,,,,,,,,,,,,,,
689,22973.5,,,,,,,,,,17,587,588,,,,,,,,,,,,,,,
690,23009.1,,,,,,,,,,17,563,580,,,,,,,,,,,,,,,
691,23041.7,,,,,,,,,,17,548,574,,,,,,,,,,,,,,,
692,23073.2,,,,,,,,,,18,540,568,,,,,,,,,,,,,,,
693,23109.1,,,,,,,,,,17,540,562,,,,,,,,,,,,,,,
694,23141.4,,,,,,,,,,18,550,556,,,,,,,,,,,,,,,
695,23174.0,,,,,,,,,,18,567,548,,,,,,,,,,,,,,,
696,23209.1,,,,,,,,,,17,592,546,,,,,,,,,,,,,,,
697,23241.2,,,,,,,,,,17,620,541,,,,,,,,,,,,,,,
698,23273.2,,,,,,,,,,16,650,538,,,,,,,,,,,,,,,
699,23309.5,,,,,,,,,,18,679,534,,,,,,,,,,,,,,,
700,23342.0,,,,,,,,,,18,703,534,,,,,,,,,,,,,,,
701,23373.3,,,,,,,,,,18,721,534,,,,,,,,,,,,,,,
702,23409.4,,,,,,,,,,18,731,536,,,,,,,,,,,,,,,
703,23441.2,,,,,,,,,,18,732,540,,,,,,,,,,,,,,,
704,23473.3,,,,,,,,,,18,723,543,,,,,,,,,,,,,,,
705,23509.1,,,,,,,,,,18,707,550,,,,,,,,,,,,,,,
706,23541.1,,,,,,,,,,18,684,556,,,,,,,,,,,,,,,
707,23573.2,,,,,,,,,,17,656,563,,,,,,,,,,,,,,,
708,23609.4,,,,,,,,,,17,628,571,,,,,,,,,,,,,,,
709,23641.5,,,,,,,,,,18,599,580,,,,,,,,,,,,,,,
710,23673.8,,,,,,,,,,16,576,588,,,,,,,,,,,,,,,
711,23709.5,,,,,,,,,,18,557,594,,,,,,,,,,,,,,,
712,23742.4,,,,,,,,,,17,548,602,,,,,,,,,,,,,,,
713,23773.5,,,,,,,,,,16,546,609,,,,,,,,,,,,,,,
714,23809.3,,,,,,,,,,17,552,615,,,,,,,,,,,,,,,
715,23841.4,,,,,,,,,,16,566,622,,,,,,,,,,,,,,,
716,23873.2,,,,,,,,,,16,586,627,,,,,,,,,,,,,,,
717,23909.8,,,,,,,,,,15,611,631,,,,,,,,,,,,,,,
718,23941.3,,,,,,,,,,15,637,635,,,,,,,,,,,,,,,
719,23973.5,,,,,,,,,,15,663,637,,,,,,,,,,,,,,,
720,24009.0,,,,,,,,,,15,687,639,,,,,,,,,,,,,,,
721,24041.5,,,,,,,,,,16,705,640,,,,,,,,,,,,,,,
722,24073.6,,,,,,,,,,17,716,639,,,,,,,,,,,,,,,
723,24109.1,,,,,,,,,,16,721,637,,,,,,,,,,,,,,,
724,24141.4,,,,,,,,,,17,718,632,,,,,,,,,,,,,,,
725,24173.6,,,,,,,,,,16,707,627,,,,,,,,,,,,,,,
726,24209.2,,,,,,,,,,16,690,621,,,,,,,,,,,,,,,
727,24241.1,,,,,,,,,,16,667,614,,,,,,,,,,,,,,,
728,24273.5,,,,,,,,,,16,641,607,,,,,,,,,,,,,,,
729,24309.0,,,,,,,,,,16,614,599,,,,,,,,,,,,,,,
730,24341.1,,,,,,,,,,16,589,589,,,,,,,,,,,,,,,
731,24374.2,,,,,,,,,,18,568,580,,,,,,,,,,,,,,,
732,24409.0,,,,,,,,,,18,553,572,,,,,,,,,,,,,,,
733,24441.2,,,,,,,,,,17,546,564,,,,,,,,,,,,,,,
734,24473.5,,,,,,,,,,17,546,555,,,,,,,,,,,,,,,
735,24509.9,,,,,,,,,,18,554,546,,,,,,,,,,,,,,,
736,24549.6,,,,,,,,,,18,571,536,,,,,,,,,,,,,,,
737,24578.0,,,,,,,,,,18,595,532,,,,,,,,,,,,,,,
738,24609.7,,,,,,,,,,18,621,526,,,,,,,,,,,,,,,
739,24645.4,,,,,,,,,,17,651,521,,,,,,,,,,,,,,,
740,24673.6,,,,,,,,,,18,676,518,,,,,,,,,,,,,,,
741,24710.0,,,,,,,,,,18,699,515,,,,,,,,,,,,,,,
742,24741.5,,,,,,,,,,20,715,517,,,,,,,,,,,,,,,
743,24773.3,,,,,,,,,,18,724,518,,,,,,,,,,,,,,,
744,24808.9,,,,,,,,,,19,725,522,,,,,,,,,,,,,,,
745,24841.4,,,,,,,,,,19,716,528,,,,,,,,,,,,,,,
746,24873.3,,,,,,,,,,18,700,536,,,,,,,,,,,,,,,
747,24909.3,,,,,,,,,,18,678,546,,,,,,,,,,,,,,,
748,24941.2,,,,,,,,,,17,652,556,,,,,,,,,,,,,,,
749,24973.2,,,,,,,,,,17,626,565,,,,,,,,,,,,,,,
750,25009.2,,,,,,,,,,17,601,577,,,,,,,,,,,,,,,
751,25041.5,,,,,,,,,,16,579,586,,,,,,,,,,,,,,,
752,25073.5,,,,,,,,,,16,563,596,,,,,,,,,,,,,,,
753,25109.0,,,,,,,,,,17,554,606,,,,,,,,,,,,,,,
754,25141.0,,,,,,,,,,16,554,615,,,,,,,,,,,,,,,
755,25173.3,,,,,,,,,,16,560,624,,,,,,,,,,,,,,,
756,25209.2,,,,,,,,,,16,574,631,,,,,,,,,,,,,,,
757,25241.3,,,,,,,,,,16,592,639,,,,,,,,,,,,,,,
758,25273.1,,,,,,,,,,15,615,645,,,,,,,,,,,,,,,
759,25309.4,,,,,,,,,,15,638,650,,,,,,,,,,,,,,,
760,25341.5,,,,,,,,,,15,662,653,,,,,,,,,,,,,,,
761,25374.2,,,,,,,,,,15,682,656,,,,,,,,,,,,,,,
762,25409.5,,,,,,,,,,16,697,656,,,,,,,,,,,,,,,
763,25442.5,,,,,,,,,,16,707,655,,,,,,,,,,,,,,,
764,25473.9,,,,,,,,,,16,710,651,,,,,,,,,,,,,,,
765,25509.0,,,,,,,,,,16,706,647,,,,,,,,,,,,,,,
766,25541.0,,,,,,,,,,16,695,641,,,,,,,,,,,,,,,
767,25573.5,,,,,,,,,,15,679,634,,,,,,,,,,,,,,,
768,25609.0,,,,,,,,,,16,658,624,,,,,,,,,,,,,,,
769,25641.1,,,,,,,,,,16,636,614,,,,,,,,,,,,,,,
770,25673.6,,,,,,,,,,16,612,603,,,,,,,,,,,,,,,
771,25709.3,,,,,,,,,,16,591,593,,,,,,,,,,,,,,,
772,25741.8,,,,,,,,,,18,572,580,,,,,,,,,,,,,,,
773,25773.5,,,,,,,,,,17,560,568,,,,,,,,,,,,,,,
774,25809.3,,,,,,,,,,18,554,558,,,,,,,,,,,,,,,
775,25841.6,,,,,,,,,,18,555,545,,,,,,,,,,,,,,,
776,25873.5,,,,,,,,,,18,565,535,,,,,,,,,,,,,,,
777,25909.2,,,,,,,,,,18,581,527,,,,,,,,,,,,,,,
778,25941.4,,,,,,,,,,18,602,515,,,,,,,,,,,,,,,
779,25976.2,,,,,,,,,,19,626,508,,,,,,,,,,,,,,,
780,26009.3,,,,,,,,,,18,652,502,,,,,,,,,,,,,,,
781,26041.2,5,647,106,,,,,,,19,675,495,,,,,,,,,,,,,,,
782,26073.1,,,,,,,,,,19,694,495,,,,,,,,,,,,,,,
783,26109.3,,,,,,,,,,19,707,495,,,,,,,,,,,,,,,
784,26141.6,,,,,,,,,,19,714,499,,,,,,,,,,,,,,,
785,26173.6,,,,,,,,,,20,711,503,,,,,,,,,,,,,,,
786,26209.1,,,,,,,,,,19,702,511,,,,,,,,,,,,,,,
787,26241.3,,,,,,,,,,18,687,519,,,,,,,,,,,,,,,
788,26273.2,,,,,,,,,,18,667,533,,,,,,,,,,,,,,,
789,26309.1,,,,,,,,,,17,644,544,,,,,,,,,,,,,,,
790,26341.1,5,647,106,,,,,,,18,620,559,,,,,,,,,,,,,,,
791,26373.2,,,,,,,,,,17,599,574,,,,,,,,,,,,,,,
792,26409.5,,,,,,,,,,16,582,585,,,,,,,,,,,,,,,
793,26441.3,,,,,,,,,,17,571,598,,,,,,,,,,,,,,,
794,26473.3,,,,,,,,,,16,566,611,,,,,,,,,,,,,,,
795,26509.5,,,,,,,,,,16,567,622,,,,,,,,,,,,,,,
796,26541.3,,,,,,,,,,16,575,632,,,,,,,,,,,,,,,
797,26573.1,,,,,,,,,,16,587,643,,,,,,,,,,,,,,,
798,26609.1,,,,,,,,,,15,605,652,,,,,,,,,,,,,,,
799,26640.9,,,,,,,,,,15,624,658,,,,,,,,,,,,,,,
800,26673.2,,,,,,,,,,15,644,664,,,,,,,,,,,,,,,
801,26711.1,,,,,,,,,,15,662,669,,,,,,,,,,,,,,,
802,26741.1,,,,,,,,,,15,676,672,,,,,,,,,,,,,,,
803,26773.1,,,,,,,,,,14,688,672,,,,,,,,,,,,,,,
804,26809.3,,,,,,,,,,15,693,669,,,,,,,,,,,,,,,
